account_id,account_open_dt,account_id_type,acct_hldr_primary_addr_state,acct_hldr_primary_addr_zip_cd,acct_hldr_first_name,acct_hldr_last_name,dataset_date
PV121732,2022-02-19,Saving,CO,28233,jaqejaamyd,cwklqk,2022-01-03
PV50501,2022-05-10,Checkin,AZ,79621,bcsqpxtizu,sfkhxy,2022-01-03
PV169601,2021-10-02,Private,DE,25679,lcbqpvfzff,yfnewb,2022-01-03
PV181906,2021-07-02,Saving,FL,41636,vxzxgqlirx,kbdlsf,2022-01-03
SV100162,2021-10-13,Checkin,MD,88553,mpwueaifnn,foxrub,2022-01-03
PV47373,2022-11-06,Saving,ME,79529,nsmuvyjjti,jqndbj,2022-01-03
PV183868,2022-08-23,Checkin,MD,25728,nvweyckfql,zlcrou,2022-01-03
PV67963,2022-07-17,Private,LA,79266,xwsecuevqo,hndeml,2022-01-03
PV189200,2021-01-11,Checkin,ME,95788,xlsoykwvqa,aouias,2022-01-03
SV59397,2022-02-05,Saving,CT,90450,qdeegeiajl,qustdw,2022-01-03
SV95331,2022-11-13,Saving,CT,43934,wwurywkzos,hlpmlf,2022-01-03
CK109286,2022-03-10,Saving,ID,39764,lltglmwgyk,fgqbgy,2022-01-03
CK100178,2021-10-16,Private,ME,25477,ibbvvdrtze,dmfiaz,2022-01-03
PV84026,2021-07-19,Checkin,AL,61283,wsuimkddac,pprywm,2022-01-03
PV79204,2021-07-10,Saving,KS,87524,rkhfcboify,lmyypj,2022-01-03
PV122193,2021-05-06,Private,KS,58431,zllazfwmbm,zgtetk,2022-01-03
CK114986,2021-12-05,Private,KY,85573,pedzhcgnne,klzdys,2022-01-03
PV27925,2022-06-26,Private,MA,47576,swswkmlpwk,ensray,2022-01-03
PV175390,2021-08-13,Saving,KY,25371,rhdidnsadc,sfeqpu,2022-01-03
SV134135,2021-06-20,Private,AR,56518,ojcekjujls,vhvopm,2022-01-03
PV178793,2021-03-06,Private,CA,54404,rgvhtbvkuw,vkvyya,2022-01-03
PV72731,2022-07-08,Private,HI,42617,uzwaescgko,bdyoxo,2022-01-03
SV77220,2022-09-13,Checkin,CT,26135,dyzemuequk,znfwam,2022-01-03
CK52680,2022-11-17,Private,MD,37504,alqsreeyve,pxpdbd,2022-01-03
PV40549,2022-10-19,Checkin,MA,58221,sfomkzaztq,fkaffn,2022-01-03
PV88626,2022-06-25,Private,HI,92887,hmsbjcliht,qcokyd,2022-01-03
CK37282,2022-03-28,Checkin,MD,27419,kkmyehgglj,kaegqu,2022-01-03
SV86649,2021-11-29,Checkin,AZ,72503,myqbazmvlb,nymktp,2022-01-03
PV33828,2021-10-26,Saving,KY,61284,xremlynduz,liokxm,2022-01-03
CK39692,2022-03-26,Checkin,AK,68249,cpbipttpnq,bfckzj,2022-01-03
SV45640,2022-05-02,Private,MA,65441,emqfzviyeg,zueihg,2022-01-03
PV180159,2021-05-16,Private,KY,68217,dambanocji,xoujoa,2022-01-03
SV89656,2022-09-25,Checkin,CA,33534,ohnqzenlpe,rbhlbf,2022-01-03
CK71731,2022-05-29,Saving,DC,49558,xxovypxdon,xpliwt,2022-01-03
PV43190,2022-10-13,Saving,KS,36548,atgmsrlmod,dhjcov,2022-01-03
CK28807,2022-11-23,Saving,CA,55222,tpccntpitq,gxykzx,2022-01-03
CK178014,2022-07-30,Checkin,CA,79701,rtgoyhoicg,vxxakr,2022-01-03
CK122341,2021-06-13,Saving,AZ,85751,ssqjubcycw,ohcryc,2022-01-03
SV118881,2022-03-11,Checkin,MA,66675,jsbaikzpwu,jfxcyk,2022-01-03
SV124616,2021-02-15,Saving,AL,51869,ttfryghpzy,fzyfwe,2022-01-03
SV42179,2022-03-02,Saving,AL,57072,kbjgogakxp,jnjwzm,2022-01-03
PV130313,2022-06-03,Private,AL,27590,euwnbmhtbg,smrayi,2022-01-03
CK68692,2022-06-19,Saving,IL,85556,gfubyzuayg,zuosfp,2022-01-03
SV131785,2022-02-03,Checkin,IN,88196,sxwzwbwfza,nuscfd,2022-01-03
CK32502,2021-04-25,Private,CO,67698,plfssiamyw,bjbmtm,2022-01-03
SV125171,2021-11-08,Checkin,KY,80020,mhievyhewh,rpscuf,2022-01-03
PV99896,2021-09-21,Checkin,MD,96668,gdddvcfaja,mjaxtp,2022-01-03
SV182059,2021-10-26,Saving,CA,86784,msaoqjhqoj,fodxkq,2022-01-03
CK137138,2021-10-26,Saving,ME,31468,pyhirciapm,tdqenl,2022-01-03
SV143287,2022-10-31,Private,MD,84492,rjzmwttbro,ytrysz,2022-01-03
SV29378,2021-01-03,Saving,ME,85364,rneybuaxck,ototqs,2022-01-03
SV41755,2022-07-02,Checkin,MD,49923,ccmsttbzux,lzlnqy,2022-01-03
SV132623,2021-05-12,Saving,ME,68212,vbwbnzpvqw,zggpse,2022-01-03
SV131273,2022-06-05,Saving,KS,44981,aohxusitju,ydymnk,2022-01-03
PV122207,2022-09-07,Saving,LA,47095,owqqsujusa,gmmqst,2022-01-03
SV121883,2022-05-18,Saving,ME,23699,egecilvyia,tbdzgh,2022-01-03
PV54254,2022-02-17,Private,HI,28562,iisairleve,zzxbrd,2022-01-03
PV168796,2022-11-13,Checkin,MA,73309,kvxbiqgzfz,cwgsyv,2022-01-03
CK177538,2022-03-22,Saving,GA,31392,veljmuavyk,nyqbcx,2022-01-03
PV64309,2021-08-18,Checkin,LA,66864,wvbsifxqbn,ipdrrc,2022-01-03
SV157033,2022-08-04,Private,ME,26403,slqcfnbwpe,ndtbdl,2022-01-03
SV67884,2021-09-28,Saving,AZ,92358,dphsexyofm,rywfnp,2022-01-03
CK187766,2021-09-10,Private,AK,64276,cxskgdnyre,lsronq,2022-01-03
CK75759,2021-05-23,Saving,IL,43847,cikcsoqjou,rynfcu,2022-01-03
CK64745,2021-10-06,Saving,MD,62312,lzgxzvhaww,tylvfl,2022-01-03
PV174258,2022-07-14,Saving,IA,43386,uoniofbndk,yxespl,2022-01-03
PV162557,2022-02-21,Checkin,DC,64169,dmydnvlxkh,fxbyeo,2022-01-03
PV101815,2021-02-14,Checkin,AK,72864,ymywcdaymf,rjmkqx,2022-01-03
PV181682,2021-11-25,Saving,CT,68888,sghwfxatyk,bjuhgd,2022-01-03
CK133782,2022-09-09,Private,FL,91597,kbupctgrsu,hdsgdf,2022-01-03
SV156554,2022-10-23,Saving,AZ,44400,qbjhccwwfo,dglcbm,2022-01-03
PV136086,2021-01-19,Checkin,KS,61251,bfiljcenqo,iahqju,2022-01-03
PV68892,2022-07-21,Checkin,MA,73449,pjisgridwl,nqwbfm,2022-01-03
SV118306,2021-02-26,Checkin,AR,65319,cemmymrqgc,kbzzvd,2022-01-03
SV72339,2021-01-22,Checkin,IL,61519,amlggcqfaq,swmhty,2022-01-03
PV172376,2022-07-22,Checkin,CA,94741,nefyqmzopy,kamlpl,2022-01-03
SV107930,2021-11-21,Saving,HI,48617,jitpftcgdx,wjicet,2022-01-03
SV111398,2022-07-09,Private,CT,41693,xzqqcbvrah,xentde,2022-01-03
SV154874,2021-12-13,Checkin,CO,78125,snbqkafswx,olcsfx,2022-01-03
SV163374,2021-06-20,Checkin,CT,38454,kbjdgsfbsx,uaztkh,2022-01-03
CK127892,2022-01-27,Checkin,IA,50207,wgzhkecvdd,ebnntr,2022-01-03
PV164932,2022-01-25,Saving,AR,71747,urwfcdzwyy,kautui,2022-01-03
SV146477,2021-10-28,Checkin,FL,32502,tmbohsqric,tloqio,2022-01-03
SV146594,2021-08-25,Checkin,IN,28414,igeslsifaz,yxqpsm,2022-01-03
CK47665,2021-06-11,Checkin,MD,69630,thxenqvaoa,jdeeyz,2022-01-03
PV182646,2021-08-12,Saving,GA,60907,epwzbjltzn,uhlaae,2022-01-03
SV83881,2022-02-20,Private,AK,59881,kekznhxlkw,ufsjut,2022-01-03
SV137302,2021-11-22,Saving,KY,48599,jyamtpuqab,dozxjv,2022-01-03
PV83470,2021-02-11,Saving,IA,86617,pvahkwsjty,wfdtrt,2022-01-03
CK151478,2022-07-19,Saving,AL,50892,nzralolmme,flmkfh,2022-01-03
CK50340,2022-06-21,Saving,AR,88811,turqjrsqpu,ntqcri,2022-01-03
SV139283,2021-06-15,Private,CT,48857,uetkatjkgm,doliws,2022-01-03
SV51559,2021-12-03,Saving,MD,86915,obufctbtvb,jeaphw,2022-01-03
SV88206,2021-07-01,Checkin,AZ,78654,lrwmnpghje,gmyedq,2022-01-03
CK91245,2021-02-15,Saving,AK,78941,cuxbeximiu,qftwgq,2022-01-03
SV39671,2022-05-07,Private,ID,45686,aiyoxzbyqo,hmakai,2022-01-03
SV115828,2022-05-22,Checkin,DE,41292,crokcgwjwa,hqmdgd,2022-01-03
SV136908,2022-01-20,Checkin,MD,54318,xstkpawyvn,mogrii,2022-01-03
PV102061,2021-11-06,Private,MA,33984,bivagvbcpx,kxfifm,2022-01-03
PV185087,2021-11-01,Saving,MA,50486,vgdqttmgzd,jwpshq,2022-01-03
CK116660,2022-01-14,Private,ID,46747,bpoudboizi,ugkiws,2022-01-03
PV92238,2021-12-11,Checkin,AK,43635,stcyrbmchf,ybeyex,2022-01-03
SV179753,2022-10-10,Private,FL,79085,lhfagchlch,ginpqp,2022-01-03
PV32649,2022-02-27,Saving,IL,82080,ixslyzwluw,vjpvai,2022-01-03
SV189627,2022-04-29,Saving,AR,59469,csdciwdiuy,dmqjav,2022-01-03
SV100303,2022-04-07,Checkin,KY,51632,hnmwrmnrms,ojjitq,2022-01-03
SV78623,2021-08-02,Private,IA,95152,xzqkmwedyo,hggwxq,2022-01-03
PV135307,2021-05-05,Private,ME,62270,lsscjqvfwb,yydfwh,2022-01-03
PV94756,2022-02-16,Checkin,CO,26498,wwnmpraohk,rkcigd,2022-01-03
SV159153,2022-11-12,Saving,DC,94147,pcxbckmzvv,xxjtgc,2022-01-03
CK135643,2021-09-16,Checkin,KS,51147,zmdexlytid,fwegwj,2022-01-03
CK103377,2021-05-10,Private,ME,81075,kuysrpvvcx,jqrpef,2022-01-03
PV101497,2021-12-07,Saving,ME,60699,vpxodftepa,tbnfrf,2022-01-03
CK45491,2022-05-13,Saving,MD,84668,pvroaedarw,cuvrmj,2022-01-03
PV47053,2022-11-16,Checkin,MA,94854,ykqyhllacp,saitrx,2022-01-03
PV158551,2021-10-20,Checkin,CO,36447,orrzodoyqb,hoesns,2022-01-03
CK85672,2021-06-23,Saving,KS,67020,wfvytaxnep,jrsrgk,2022-01-03
PV182250,2022-09-04,Private,GA,95615,jsxzbmtagr,bwwsqd,2022-01-03
PV59228,2021-02-16,Saving,HI,47835,fasyoduxix,zrljbq,2022-01-03
PV169096,2021-06-20,Saving,DC,49640,flqgnpokgp,ntalgx,2022-01-03
CK179106,2022-09-21,Private,DC,72279,kkspujyzlv,sjqonf,2022-01-03
PV180896,2022-09-04,Private,KY,72496,cuconsubyf,jwxwwt,2022-01-03
SV142712,2022-10-17,Checkin,GA,66006,cwejmlrdwc,ovubsi,2022-01-03
PV172352,2021-09-10,Saving,FL,91662,ighlohjhss,riydfs,2022-01-03
SV76206,2022-11-08,Saving,ME,77339,kfwigjiibr,addcen,2022-01-03
PV74533,2021-12-23,Private,DC,26510,ahesvqlawu,incqyj,2022-01-03
SV149958,2022-01-28,Checkin,IL,79647,nfmozjiswl,htrgeq,2022-01-03
SV187125,2022-06-19,Private,MA,61959,niyemslkdn,ujfbvl,2022-01-03
SV149035,2021-08-10,Private,IN,55361,trbpjnhzep,iiezwc,2022-01-03
PV149622,2022-04-05,Private,AR,64021,fyofgadjdm,bujqhn,2022-01-03
CK116884,2021-10-06,Private,KY,79932,eaadfdubed,vzenlr,2022-01-03
SV77312,2021-06-29,Saving,AZ,36474,tmlgxmzhvt,wjchnp,2022-01-03
CK33884,2022-07-31,Saving,FL,31685,hdrabeqbon,ezrjcg,2022-01-03
SV74184,2022-01-01,Checkin,CT,82497,moriniekvy,xxktvq,2022-01-03
SV134020,2022-03-17,Checkin,IA,51170,qrmgtumyzb,kqbtvv,2022-01-03
CK150984,2021-12-09,Saving,FL,78667,zrevkvavoy,mhyoqx,2022-01-03
CK76237,2021-09-30,Private,MD,96376,hvsiddsxrb,duxpkh,2022-01-03
PV51787,2021-02-28,Checkin,FL,48872,ezfxvfguxm,jgwqil,2022-01-03
SV98514,2021-10-23,Saving,MA,42894,wrbkzaecac,ojkhto,2022-01-03
SV189606,2022-10-23,Private,HI,78769,ooungolxqa,jefqnq,2022-01-03
PV43628,2021-03-24,Checkin,ID,79774,jinspmxmba,lidpji,2022-01-03
PV174968,2021-10-25,Private,ME,93987,atglmnhosd,gfkjfi,2022-01-03
CK72215,2021-07-11,Checkin,IL,77714,ysikkqyxnb,jwrayx,2022-01-03
CK157740,2022-09-11,Checkin,FL,64832,gqhuadfkad,qgxjut,2022-01-03
CK116738,2021-11-10,Checkin,ME,40957,megrlnigah,aeljrm,2022-01-03
CK44400,2021-05-17,Checkin,HI,66777,sttqgbojwj,duzkcj,2022-01-03
CK69579,2022-09-20,Saving,HI,90553,glhemqehlb,tvfxmn,2022-01-03
PV135401,2021-08-13,Private,GA,26170,hzksecqgxz,rvlfgv,2022-01-03
CK127794,2021-12-23,Private,AZ,28051,mkiqqtzkka,pcscbw,2022-01-03
SV153433,2020-12-31,Saving,AL,64570,iuogdutoyf,cfmmgp,2022-01-03
PV44121,2022-07-28,Saving,DC,76599,hqobfxglyl,cxjdar,2022-01-03
PV141469,2022-07-01,Checkin,GA,80870,leczzgaedy,npvoeh,2022-01-03
PV35170,2022-03-05,Checkin,LA,50505,vrkyygjukx,dwzabt,2022-01-03
CK187911,2021-07-09,Saving,AL,63523,xwrjdtbacw,foycju,2022-01-03
PV152384,2021-08-07,Checkin,HI,43136,ajygrxalfn,sogjaq,2022-01-03
CK126181,2021-08-30,Saving,CT,51135,aytshbvptx,uevxtv,2022-01-03
CK141762,2022-10-20,Checkin,AK,26927,jnzbdpcbaj,gamyed,2022-01-03
CK130678,2022-01-09,Saving,CO,56843,wudhnudrgj,qygqaf,2022-01-03
SV76385,2021-07-20,Saving,LA,97717,ksjhhzdecx,azugwq,2022-01-03
PV148075,2021-12-13,Private,AZ,85159,bqjactukcq,fwydfv,2022-01-03
PV184470,2022-08-12,Private,IN,25887,znbjnizavo,gtvvri,2022-01-03
CK118722,2021-12-07,Checkin,CT,37698,qbgbcixywu,fstipk,2022-01-03
PV68608,2021-04-25,Saving,FL,78373,qxsqoifqcu,mffndy,2022-01-03
SV37711,2022-08-08,Checkin,IA,81124,shwrnkcanw,uhcjjp,2022-01-03
SV183895,2021-07-12,Private,IA,53633,sdwcruiqkn,cdacgx,2022-01-03
CK30223,2022-02-27,Checkin,IA,35364,knxtiayskv,synomh,2022-01-03
PV150218,2022-09-30,Checkin,AR,95394,fqtikrkulr,upqxck,2022-01-03
SV93698,2020-12-29,Checkin,GA,37357,emfxmfpagm,qxbuer,2022-01-03
PV134397,2021-04-18,Checkin,IA,53545,agyiurgwzn,aqeffn,2022-01-03
SV159498,2021-01-16,Private,FL,54532,skoikjlipq,vcqauk,2022-01-03
PV178290,2022-10-16,Saving,MA,82249,wkbnftcqmx,duwxod,2022-01-03
PV47762,2021-10-03,Saving,HI,64664,bhmrskfkyt,powpdi,2022-01-03
PV71329,2021-04-02,Private,HI,81909,nskxefculh,rtivog,2022-01-03
PV60351,2021-03-07,Saving,FL,69835,edeqtedgxs,udksyb,2022-01-03
PV66621,2022-06-12,Checkin,KS,41596,iqdcbuvmmo,ehumso,2022-01-03
PV119268,2022-01-29,Private,DE,98471,xlfpixopkk,tqboct,2022-01-03
PV188256,2021-07-11,Private,GA,61351,jwtsqfggpj,feajni,2022-01-03
PV109161,2021-10-18,Checkin,MA,45402,qzsikktoss,dfgnzg,2022-01-03
CK169550,2021-01-06,Private,LA,48504,gwlxnzjryw,nqvpdm,2022-01-03
CK114001,2022-07-28,Checkin,MD,26966,kleqedynbu,bkxpls,2022-01-03
SV61902,2021-12-03,Checkin,KS,81609,qttofxvust,daldel,2022-01-03
PV153991,2022-08-21,Saving,AR,44894,delstoriug,oaskay,2022-01-03
CK108634,2021-11-15,Saving,AR,88334,kftbhjtlow,sdxkgn,2022-01-03
CK113084,2021-06-19,Checkin,ME,45739,rpitqqxumj,qhnlua,2022-01-03
SV189282,2021-03-21,Saving,CA,69182,uaxovzfgpb,nwnlvv,2022-01-03
CK64457,2021-08-01,Saving,DC,56978,iwoeembrvp,xlnlft,2022-01-03
SV125301,2022-05-11,Checkin,MA,86709,vedugoymfh,agisnb,2022-01-03
CK181500,2021-04-06,Saving,ID,88995,yjqkepxxvs,nyoikn,2022-01-03
PV100136,2021-06-26,Private,IA,93367,knbjnfayiz,avdbvn,2022-01-03
SV128092,2022-01-03,Checkin,DC,44504,vjxbpeoksq,pcfeib,2022-01-03
CK82944,2022-03-26,Private,DE,81591,xzmxekhipl,acfpfj,2022-01-03
CK80754,2021-07-31,Private,DE,48025,ushcujmmfj,xttcix,2022-01-03
SV90235,2021-12-29,Private,IN,87399,ownyfctuvv,mrfnlf,2022-01-03
CK93102,2022-01-10,Private,LA,52115,fivxcouutt,uauqle,2022-01-03
SV132628,2021-09-19,Saving,LA,54482,gtmdvritvz,oufbni,2022-01-03
PV189627,2021-03-17,Checkin,AK,81153,wglkpnoypp,qiywqb,2022-01-03
CK102194,2022-04-06,Private,ID,61370,zhmtdodqsj,xasyiz,2022-01-03
CK94751,2021-01-08,Private,IL,91477,lqdgguylib,yuseji,2022-01-03
PV59345,2022-06-16,Checkin,KY,28098,komytyxrfx,lvapwy,2022-01-03
PV103635,2022-10-11,Checkin,IN,55283,ynudadokrs,bjxzjj,2022-01-03
CK115004,2022-09-07,Checkin,ID,54880,jzhlscplmh,bmbyxs,2022-01-03
CK143044,2021-04-22,Private,LA,64307,gencymzown,bozcgz,2022-01-03
CK42152,2022-06-18,Saving,CT,36714,qeqdcgmytv,qkiwfe,2022-01-03
PV148427,2021-05-25,Checkin,CT,76959,giglpbotkk,cprvnj,2022-01-03
PV177292,2021-04-06,Checkin,AR,74730,vekuhuefbe,owiaew,2022-01-03
CK41500,2021-11-28,Private,ID,84636,iootpjazew,jpympj,2022-01-03
PV33758,2022-02-07,Saving,GA,83170,djdjtxhrrq,prrzfr,2022-01-03
PV136224,2022-05-19,Checkin,HI,75226,enfeyqshme,menczz,2022-01-03
PV152245,2022-11-02,Saving,AR,93369,iwssvtjdfi,gjjgzg,2022-01-03
CK114006,2022-06-17,Checkin,DE,42494,zutnptvzps,wfwwfm,2022-01-03
CK134965,2022-02-22,Saving,IN,36943,ikkqtbcjib,nwoqsg,2022-01-03
PV29441,2021-03-21,Private,ID,44931,bttijynabw,johhvx,2022-01-03
PV169686,2022-02-22,Saving,GA,35790,fovpccocau,ggfzju,2022-01-03
PV159403,2021-03-10,Checkin,CT,39063,bzrmiimxlt,mrjlic,2022-01-03
SV70906,2021-04-05,Checkin,ID,86220,vxgbefrslj,ipzwdn,2022-01-03
CK106972,2021-01-29,Checkin,ME,82186,sarhtifxzf,kygjju,2022-01-03
SV155899,2022-08-04,Private,GA,78594,nuvgchrwwa,umjnir,2022-01-03
CK57218,2021-03-01,Checkin,CA,58640,imqjiykiow,ovebup,2022-01-03
SV94756,2022-05-13,Checkin,IA,48204,jghfzdqpoa,gsztqu,2022-01-03
SV81431,2022-01-04,Private,AR,68694,sxwwgfkgad,tqtajz,2022-01-03
CK186628,2022-02-26,Saving,DC,87590,xbwyytwlwi,ntzhcm,2022-01-03
PV177740,2022-05-21,Private,KS,29319,eelcgbhwwj,obgoee,2022-01-03
SV160820,2021-10-16,Private,MA,78781,razyjbsbgq,bgtqbp,2022-01-03
SV121776,2021-10-17,Saving,IN,42232,xzylpphnra,xoeimt,2022-01-03
CK125049,2021-08-13,Checkin,AR,87955,tegkbtysun,evdkfs,2022-01-03
SV94898,2022-09-27,Private,ID,63628,hsqtniuboh,lvxxre,2022-01-03
CK60106,2022-07-29,Saving,IN,78344,gzwnegsjib,mfykcu,2022-01-03
PV69332,2022-10-22,Saving,CA,74579,crvrwjmhbj,vjfxuq,2022-01-03
PV170903,2022-11-24,Private,DC,90229,wboimewxrm,qitecy,2022-01-03
CK187177,2022-08-27,Saving,IN,67399,pukuqgocai,yqfjzp,2022-01-03
CK143847,2022-04-01,Private,ME,36042,gyqvaufowq,bplrzr,2022-01-03
SV34415,2021-08-18,Saving,GA,40566,wympzrsucw,angasi,2022-01-03
CK127534,2021-10-05,Checkin,AZ,59267,smxnhwwlxk,xvwhal,2022-01-03
CK58250,2022-01-03,Saving,CO,40862,lwiudxeijw,zveqer,2022-01-03
PV73531,2022-03-30,Checkin,AR,72610,zbjfxnbbpq,koodgs,2022-01-03
PV112232,2022-04-05,Saving,IL,48817,aerxadmhvd,swzgdm,2022-01-03
PV37262,2022-08-12,Checkin,AR,40551,ascvkmsszs,qnxkix,2022-01-03
CK36087,2022-01-22,Saving,GA,83629,htzycvzvmz,kxnpga,2022-01-03
CK68048,2022-02-02,Checkin,AK,72386,eefwqjiccm,xdistv,2022-01-03
CK69386,2021-04-19,Private,KS,71515,mdipsuilnd,nazmgo,2022-01-03
SV55926,2022-08-05,Saving,CO,54995,mxhhgvumfx,jracdo,2022-01-03
SV96499,2021-05-26,Saving,CA,41736,xhcgjykudj,cdverg,2022-01-03
SV95499,2022-02-23,Checkin,ID,69414,jbspnqjovc,cwiznp,2022-01-03
SV182356,2021-09-07,Saving,DC,45300,btfazydszy,fkcxdx,2022-01-03
PV62284,2021-08-10,Checkin,AL,68037,grexredncy,lnorgl,2022-01-03
PV164905,2021-05-24,Checkin,FL,68126,zpvlphpdnb,lshqlw,2022-01-03
PV85183,2022-07-11,Checkin,DC,35728,jrryvyntfl,enjzth,2022-01-03
SV145514,2022-11-10,Checkin,CO,26896,szhgazmjeq,jkkpjf,2022-01-03
CK182372,2022-08-31,Private,IA,63247,njjahqucvb,svuiqg,2022-01-03
PV88715,2021-01-18,Saving,MA,98023,qgjzadflfi,lvyowk,2022-01-03
PV114643,2021-11-15,Private,AZ,91802,eassiolydd,knicpc,2022-01-03
SV89537,2022-01-15,Saving,CT,42855,jmrponvnen,ygavug,2022-01-03
CK85394,2022-07-02,Private,FL,28905,scqbiuaybp,ndunsn,2022-01-03
SV52748,2021-08-07,Private,AR,49950,vqmdoeevmv,wqotxi,2022-01-03
PV177356,2022-03-02,Checkin,CA,67621,fowumaclqd,ynimou,2022-01-03
CK40442,2022-06-16,Private,MA,46947,mocdpeiomg,ufpjxw,2022-01-03
CK170088,2022-10-17,Saving,HI,97074,ahhuzdcqgs,xyphoc,2022-01-03
PV30986,2022-07-21,Checkin,IN,27634,bepokqskni,gxcohm,2022-01-03
SV174728,2021-02-17,Private,ME,63568,ghljxzihqh,zpknwo,2022-01-03
PV174096,2021-05-14,Private,CO,72766,wuuboafvmd,ceflnn,2022-01-03
PV142420,2021-08-30,Checkin,KY,80010,arhguouqmb,ybyeuj,2022-01-03
CK185191,2021-11-29,Checkin,DE,28021,ctljhpcsno,qncznu,2022-01-03
CK166184,2021-09-24,Saving,DE,41649,avyuoiexni,seuffj,2022-01-03
CK173669,2022-03-23,Private,HI,86682,sblqtsqfsr,adupub,2022-01-03
CK174084,2022-07-28,Private,LA,96050,zqnxfhckqd,ljqxat,2022-01-03
CK92518,2021-09-25,Saving,KY,55623,dkwquezndt,vsiyaq,2022-01-03
SV168775,2022-11-16,Saving,AR,94232,mapwpkkylq,ihikpy,2022-01-03
CK52115,2022-05-15,Saving,DC,37019,rllfhxdolb,mrwxkb,2022-01-03
PV43905,2021-11-24,Checkin,LA,89584,fdufcqhtcn,ahdmgf,2022-01-03
PV141630,2022-03-03,Checkin,MA,90420,mezhkotvox,jcxbex,2022-01-03
PV169052,2021-08-12,Checkin,IN,61972,qeuungzvga,bfnfhe,2022-01-03
SV98369,2021-05-20,Checkin,ID,32238,lovtznzypb,smnfsp,2022-01-03
CK77937,2022-10-26,Private,ID,71095,plsbrybmtc,njexwu,2022-01-03
SV86530,2022-07-26,Saving,AZ,60934,unyjqzslde,ugowpk,2022-01-03
CK34181,2022-02-05,Private,MA,47540,mnkjpgtmza,pcpvip,2022-01-03
CK74105,2022-03-27,Checkin,CA,63698,bwzfsqmbnr,rorqbg,2022-01-03
SV63203,2022-01-27,Saving,ID,24006,ezqqktbkfb,leziia,2022-01-03
PV39753,2021-06-26,Saving,ME,50960,agmiicuaof,cnpvdv,2022-01-03
CK166354,2021-08-10,Private,MA,43661,hehsvkefbu,yzhqda,2022-01-03
PV49087,2022-11-23,Checkin,CA,26415,isprmghtgv,nkavvj,2022-01-03
PV171088,2021-08-24,Saving,HI,48436,aepfjpwvmm,bumzjv,2022-01-03
SV88801,2021-06-04,Saving,AR,65319,dspfglozvo,oonkwr,2022-01-03
PV141779,2022-10-24,Checkin,IL,49098,tdshrihqic,tkveiz,2022-01-03
PV62382,2022-04-09,Saving,FL,53580,twqgmqgwku,llqaes,2022-01-03
PV147986,2021-06-08,Saving,LA,35156,qgcbpbomyk,isgczd,2022-01-03
PV91773,2022-02-05,Checkin,ID,28305,cuzdrfvmbg,kqonhz,2022-01-03
CK148737,2021-08-26,Checkin,IA,65147,ujnfvlvhfg,zpsyjw,2022-01-03
CK125276,2022-09-25,Saving,AL,92669,tlmeaafcqs,crolbm,2022-01-03
CK97304,2022-11-04,Saving,MA,65007,vzahcelxqi,lbpimo,2022-01-03
PV102141,2021-11-16,Saving,AR,72513,ygcpqkizwd,vkvuyv,2022-01-03
CK37482,2021-05-24,Checkin,AK,90148,eazspvtztm,fnyydq,2022-01-03
CK52134,2021-07-31,Private,AL,51898,klbwmayxno,regvbo,2022-01-03
SV50214,2022-03-01,Private,AL,39526,mtpxupuasi,akoyrl,2022-01-03
CK139439,2021-12-18,Private,HI,69752,exiatvbmvp,bkedoo,2022-01-03
PV166394,2021-08-09,Private,CO,28978,rttnaldwkc,vkgvsp,2022-01-03
PV74408,2022-11-14,Saving,MD,47453,qjiyqkafpu,xgqyhr,2022-01-03
SV130881,2021-09-17,Private,CT,50449,texxxsifaa,jhnjor,2022-01-03
CK37774,2021-03-07,Checkin,CA,97927,atdtxepzih,gdqqnk,2022-01-03
PV177208,2021-01-07,Checkin,KS,67218,pxxqdcwcmg,klddte,2022-01-03
PV72276,2021-08-20,Saving,ID,38934,riykxvbsio,ahyupt,2022-01-03
PV98120,2021-01-14,Private,GA,28007,hfbvrciazr,xdqtbm,2022-01-03
CK99202,2021-06-04,Private,IN,31400,ingeguqqqo,lelsav,2022-01-03
PV38749,2022-09-10,Checkin,AK,56448,yvenohohun,nliypz,2022-01-03
SV164951,2021-11-14,Private,DE,87176,dtnqduelkc,rwktty,2022-01-03
CK47747,2022-03-16,Saving,CT,48480,wbmwvfrket,dcycsn,2022-01-03
PV51043,2021-10-05,Private,AK,75399,lpzxcrdxpb,frywro,2022-01-03
PV103669,2021-06-12,Saving,IL,31572,yyzbnomlik,pppdqx,2022-01-03
SV82989,2022-08-09,Private,IA,83404,jmanbriovh,kfhxpm,2022-01-03
CK175273,2022-03-21,Private,FL,59512,ddwsdjivsh,tzlmdd,2022-01-03
SV164806,2022-09-19,Checkin,AK,68627,zjlkcakgeq,fakwxa,2022-01-03
SV104012,2021-03-14,Private,IL,50425,tmemetncqg,loncny,2022-01-03
PV162241,2022-10-24,Saving,MA,39127,lxosvrrnvq,epvdxa,2022-01-03
SV155944,2022-01-09,Private,KS,56968,tgsafrgbgm,aoswbx,2022-01-03
PV172830,2021-10-19,Private,ME,48716,gridzpmhzb,zetulw,2022-01-03
CK62969,2022-01-10,Saving,DE,79632,bpstikirrp,jqkzck,2022-01-03
CK108346,2022-07-08,Private,AL,63088,ixdrzowqei,azxebh,2022-01-03
SV139812,2022-11-19,Checkin,DE,75612,sphnsjguvi,eadsrb,2022-01-03
CK87534,2021-10-08,Private,IL,79171,cxhpslomuc,tevaif,2022-01-03
SV157967,2021-04-13,Saving,AL,68531,abzkfbvihz,cajdkl,2022-01-03
PV53235,2021-12-29,Checkin,IA,34838,eszfllnhpm,vhrbco,2022-01-03
SV133193,2022-11-12,Private,DE,31668,ktjljgqekc,axqzsi,2022-01-03
PV131282,2022-01-03,Private,AK,33625,kisfhchgpa,rztlyf,2022-01-03
SV79268,2022-07-01,Private,CA,27977,ungyxsceja,ozgrin,2022-01-03
SV57720,2021-03-02,Private,AZ,30094,pheicupbae,hvksgt,2022-01-03
SV69045,2022-02-24,Private,IN,31557,utljopltpz,lihgth,2022-01-03
PV168749,2021-12-20,Private,ID,49881,fopifrducf,yexuhd,2022-01-03
PV174771,2022-01-15,Checkin,FL,96077,pbnvbjhyxv,ifqujj,2022-01-03
PV159260,2021-12-04,Checkin,IA,66783,azptvrkixe,jsysyf,2022-01-03
SV127657,2021-05-22,Saving,DC,80118,oytxlhuoqu,esweyy,2022-01-03
SV186492,2022-10-22,Checkin,MD,29852,olhqjrhgkl,letnit,2022-01-03
CK140550,2021-06-25,Private,IL,26210,eeiepfbkbc,tbrqkg,2022-01-03
PV176133,2022-11-09,Checkin,IN,81977,iggbtsfkne,bilmkb,2022-01-03
SV156495,2022-10-18,Checkin,LA,91590,zgygapdjqb,aluprh,2022-01-03
PV125007,2022-01-13,Checkin,CO,98673,yafihgobzn,plqdpc,2022-01-03
SV168822,2022-05-16,Checkin,DE,94891,orpfpwdwyf,erkajk,2022-01-03
SV38354,2021-07-08,Checkin,IL,83896,ybwdycbmpm,pjcxqz,2022-01-03
PV50922,2021-11-25,Saving,CT,93089,minrhfwjxa,wcaoot,2022-01-03
CK57709,2021-04-05,Private,DE,97435,wfnsofchxn,bzjsxs,2022-01-03
PV30055,2021-02-25,Checkin,AZ,91374,xtmuppferb,bxaoah,2022-01-03
CK132529,2022-05-08,Checkin,DC,78021,cjmnuqcsoz,kvczvd,2022-01-03
SV173779,2022-07-02,Saving,ID,40001,vztvolxjmg,zbuhxa,2022-01-03
PV64732,2022-08-01,Checkin,KS,71908,danntpgekx,wqypvf,2022-01-03
PV134407,2022-07-19,Saving,FL,35393,eoajpadivg,bpjopr,2022-01-03
PV184778,2021-01-14,Private,ID,51248,oewxvrjuao,oospkk,2022-01-03
SV59710,2021-10-20,Checkin,ME,53847,ectphfvtyb,rzocgf,2022-01-03
PV64219,2021-09-24,Checkin,DC,75734,trynbldreu,sbyfxw,2022-01-03
CK46504,2021-03-21,Saving,AZ,77302,fyrrfdbscc,bygvzd,2022-01-03
CK140486,2021-06-19,Private,ME,44520,lzxvkryzur,grloiz,2022-01-03
SV78844,2021-01-31,Saving,AK,51214,uvlunlluxz,bgucqi,2022-01-03
PV136016,2021-03-23,Private,LA,88625,rdhiydbwim,ixdlqk,2022-01-03
CK65132,2022-10-20,Checkin,CO,26128,zenfbbsfpe,cgfzii,2022-01-03
SV158512,2021-10-30,Private,KS,58496,wforfanudk,fsofkb,2022-01-03
SV150062,2022-08-21,Private,IA,85469,wygzstfgtz,uihqhe,2022-01-03
CK80939,2021-06-16,Private,MA,76345,yzzjuyteho,tlsvxz,2022-01-03
PV47254,2021-05-15,Private,MD,82237,ahduzuycvc,rwyvmq,2022-01-03
PV61662,2021-05-24,Private,ME,94318,dufozqwozc,kirymk,2022-01-03
PV112580,2022-03-18,Checkin,MA,92115,hybraeumsg,qsvahr,2022-01-03
PV138671,2022-02-08,Private,DE,62769,ffpbumxxdn,tbnouh,2022-01-03
CK53352,2021-04-17,Saving,CT,63182,veiihqmffy,oxbyhp,2022-01-03
SV174981,2022-10-03,Saving,AZ,47799,sflhmhmbeg,jfiism,2022-01-03
PV63240,2021-06-29,Private,CA,96310,ncmuiziyjx,ugfwdc,2022-01-03
SV118098,2021-10-16,Private,GA,61870,vrizycxoqj,edtqas,2022-01-03
SV87813,2022-01-20,Private,MA,54261,dehqumftip,gfvbbr,2022-01-03
PV86598,2022-11-17,Checkin,CO,96920,jjdjkmmkbl,uyxney,2022-01-03
CK46073,2022-09-11,Private,HI,74802,cpmumjyxyj,jsqfil,2022-01-03
SV94153,2021-11-16,Private,MA,70166,alrnatbrqc,ogwklf,2022-01-03
PV58033,2022-02-01,Checkin,FL,25565,apsohuiroa,fjnjki,2022-01-03
CK90009,2022-04-19,Checkin,AL,25555,nyhktfixkw,rmeknu,2022-01-03
SV176241,2022-05-06,Checkin,AL,66575,uyswhgbpnj,orvfup,2022-01-03
PV138279,2021-09-04,Checkin,KS,51194,zufqqatakb,easktv,2022-01-03
SV90086,2022-09-18,Private,CO,63613,vtpcjmqiul,yecyjp,2022-01-03
SV161680,2022-01-08,Saving,FL,33403,oeulyaesew,pljeyc,2022-01-03
CK149279,2022-06-21,Checkin,IN,89497,mjxprupgsi,qypdnb,2022-01-03
PV62317,2022-03-05,Checkin,LA,87004,lrfrftlzco,yceakg,2022-01-03
CK147967,2021-07-27,Checkin,AL,84070,mwwzvurodw,jmoiib,2022-01-03
PV126153,2021-08-24,Saving,AL,67049,hvnviifqwc,hjnufw,2022-01-03
PV104851,2021-03-23,Saving,KS,28619,ehkeospyep,qkyerm,2022-01-03
PV84401,2022-03-04,Private,FL,46077,poiofdykae,iykihc,2022-01-03
CK31217,2022-04-25,Private,ME,49633,xzaofbzldi,wphgrz,2022-01-03
CK121257,2022-08-29,Checkin,DC,79275,wilmgkoexk,jjyuiv,2022-01-03
PV30255,2021-10-05,Checkin,DC,91589,tscgdqcrto,xqiano,2022-01-03
PV66962,2021-12-01,Checkin,AL,62686,kpukaporsd,bmvutz,2022-01-03
CK89767,2021-02-21,Private,IL,51655,ywmfzkmmdf,bxuwjc,2022-01-03
SV150808,2021-01-16,Saving,AL,59603,xvhdfrcpvy,pxmfqk,2022-01-03
SV131418,2021-04-28,Private,HI,33037,abaxltppqh,xfswip,2022-01-03
PV82158,2021-08-01,Saving,ME,74293,ceoscdhvxh,utvqjd,2022-01-03
SV60205,2022-07-16,Private,AL,38935,hmbrkpxgnv,ihundq,2022-01-03
SV119925,2022-11-01,Private,AK,90186,mgefmvkqzp,ptmyvh,2022-01-03
SV122056,2021-10-22,Saving,CO,39673,rdjejqdaev,sfypds,2022-01-03
SV58541,2022-01-15,Saving,AK,62401,ucndbdkizo,xsznip,2022-01-03
CK86282,2022-03-13,Checkin,DE,67040,eyzbssxufi,clgxrj,2022-01-03
CK151490,2022-02-17,Saving,MA,89775,ulkohltqci,tyrpad,2022-01-03
PV99268,2021-03-13,Private,IN,50348,iscnynsump,tpslty,2022-01-03
SV171218,2022-10-14,Checkin,ID,47123,ozgghedgyz,ghdzvd,2022-01-03
SV153236,2021-06-29,Checkin,LA,70072,yrbpjrtnjp,litgnj,2022-01-03
PV43515,2022-01-30,Checkin,DC,90215,mmypomiupg,zhrtjo,2022-01-03
PV86237,2021-09-05,Private,DC,78001,twesgkordq,bptxub,2022-01-03
PV104935,2022-01-09,Private,MD,57362,jhpqlvvvly,pvujtu,2022-01-03
SV162888,2022-10-07,Saving,CO,61801,eakeeyhxks,yhhwcw,2022-01-03
SV92354,2022-08-28,Private,IA,43699,qrqpaongqf,uzwgik,2022-01-03
CK182000,2021-08-30,Saving,AK,39736,fxqzoguxvv,yogfwf,2022-01-03
CK52718,2021-12-14,Checkin,FL,77312,zkfnzqzbhc,exedyc,2022-01-03
CK132232,2021-08-15,Checkin,KS,83804,wstwjjzdhw,zpaiks,2022-01-03
CK129940,2021-05-17,Saving,CT,53854,wioozwsqsx,nwacer,2022-01-03
SV144614,2022-08-26,Private,MD,60144,fybwocuzcg,umshzj,2022-01-03
PV65040,2021-11-19,Saving,LA,49376,xdahymfdqk,lrjohd,2022-01-03
CK60794,2021-08-11,Private,IA,43694,eaaepkqonv,ubdhua,2022-01-03
CK47541,2022-01-27,Saving,MA,45948,vvriirtgqi,necmeq,2022-01-03
CK43517,2021-11-08,Checkin,AK,60546,cepgziadgh,hogpfw,2022-01-03
SV56880,2022-05-18,Saving,AL,42330,kfzfushzsr,vyxkbj,2022-01-03
PV76137,2022-02-16,Checkin,CO,95040,vwzxxhzaqh,jcccah,2022-01-03
CK121233,2021-05-25,Checkin,AZ,89189,zyiasntufi,orefft,2022-01-03
CK27777,2021-11-10,Saving,KS,88408,aonijssfwf,rfnrtl,2022-01-03
PV127102,2022-09-30,Private,AK,92764,cbbuzcdinr,ravllu,2022-01-03
CK84286,2022-03-17,Checkin,FL,32784,sjyfrceduf,amnbks,2022-01-03
SV64075,2022-06-05,Checkin,KS,42311,bxhlcvbwoz,xxyhfh,2022-01-03
CK48374,2022-01-17,Checkin,MD,64888,jnlildzuku,relmjy,2022-01-03
SV152703,2021-10-05,Checkin,AR,81588,odcjegtazo,knqgha,2022-01-03
PV156473,2021-09-20,Saving,LA,36301,nprtniuggk,danbbp,2022-01-03
PV113255,2022-09-15,Checkin,KY,92305,ltalihcjep,rbwxvm,2022-01-03
SV86398,2021-01-19,Private,DC,79904,wjvxsdvphn,qavmzf,2022-01-03
PV126277,2022-07-13,Saving,IA,28634,qszmpncebe,leopzr,2022-01-03
CK35610,2022-09-29,Saving,AK,77930,vuvbvvvemj,kfghyn,2022-01-03
SV85473,2022-08-10,Checkin,MD,44035,nplfnplmug,inhxpd,2022-01-03
SV53156,2022-10-02,Checkin,AZ,81955,idwthxzhhb,arvmwc,2022-01-03
SV160154,2022-11-16,Saving,AL,53178,hfjzpsgyky,jedsnz,2022-01-03
PV69996,2021-04-21,Private,AR,76829,sxmeybzqnu,youwqt,2022-01-03
PV35706,2021-03-06,Checkin,LA,40245,atjzgryhws,vtrajf,2022-01-03
CK81281,2021-04-15,Private,DC,98747,mubsvjlqfa,ophcll,2022-01-03
CK167024,2022-08-12,Checkin,FL,33002,ucclmgpkvp,yfsrff,2022-01-03
SV28219,2021-04-14,Saving,KY,61510,juqzlrmwoj,qhnpey,2022-01-03
SV80013,2022-06-19,Private,IN,70789,lvbpbmnxqx,promsg,2022-01-03
PV85295,2021-09-12,Private,CT,67135,hhxzktygtx,cxyaan,2022-01-03
SV68567,2022-08-07,Checkin,LA,60885,msyufteasw,eeskhv,2022-01-03
SV165737,2022-06-25,Saving,AZ,69395,sdbudxmdgh,rxmeys,2022-01-03
SV102351,2021-07-05,Checkin,AL,39275,raigsjlfsh,ibcmqp,2022-01-03
SV105394,2021-05-14,Checkin,ME,34972,jfaehzkksn,qgjrpq,2022-01-03
SV185591,2021-03-24,Saving,GA,74834,aiifeqpong,uccxjx,2022-01-03
SV82330,2022-09-16,Private,IL,77397,tzzmcbqjgb,kxcwut,2022-01-03
PV56363,2021-05-02,Saving,CT,70821,wzwurwtgdh,fewstq,2022-01-03
SV76550,2021-04-15,Private,HI,81656,rfcuqncdrh,hizycg,2022-01-03
CK30544,2021-01-02,Private,ID,86423,jadhqmlosh,gznpuo,2022-01-03
PV153707,2022-08-06,Checkin,IA,93370,sdetmrpbol,mzfvux,2022-01-03
PV96658,2022-11-08,Private,IN,79080,ujczqhzluu,hcfets,2022-01-03
PV125051,2021-07-05,Private,AZ,82841,kejolwtbpi,ymodbf,2022-01-03
PV184970,2021-11-04,Saving,AL,67461,vdwrdbfgvy,mtkqoj,2022-01-03
CK71042,2022-01-29,Checkin,MD,51256,wspirgwgbi,zyrfst,2022-01-03
PV129441,2021-07-07,Checkin,ID,76534,dbhkmcmqcg,mjyuwm,2022-01-03
SV142905,2022-03-03,Saving,MA,90323,amoxgebkog,alpgek,2022-01-03
CK41623,2021-12-23,Checkin,AR,34943,sadqtnpjxx,lwitls,2022-01-03
CK38798,2021-03-23,Checkin,CT,23891,hztzzodoux,rfajet,2022-01-03
PV88007,2021-07-07,Saving,MA,72676,gwynfthlsr,egpxlx,2022-01-03
PV63727,2021-07-15,Saving,DC,53125,svdoxkwgwh,aljxwu,2022-01-03
CK41973,2021-07-03,Checkin,AR,70783,oezvfczmns,tkmkkn,2022-01-03
CK57891,2022-05-03,Saving,AR,87523,rnbhicwmnw,ezrbsw,2022-01-03
CK187214,2022-01-27,Saving,CA,40935,jbkpsfatsi,dbtsnr,2022-01-03
PV36725,2021-06-06,Private,ME,60515,emxshtujwr,dedady,2022-01-03
SV37532,2021-07-23,Saving,AZ,80060,oivtgjzxdg,seqxuf,2022-01-03
PV155732,2021-05-29,Private,IN,59829,tuhgmmmnxa,skokka,2022-01-03
PV166999,2021-10-06,Checkin,MD,88583,frimzbugst,ickkjh,2022-01-03
SV82008,2021-03-10,Private,AR,69298,dhbukkxuwt,zhabpa,2022-01-03
SV186958,2021-06-02,Private,ID,62829,kcrgrqvdjm,nhhzlk,2022-01-03
SV94332,2021-05-24,Saving,DC,60788,qaztkwvvdr,hvlufu,2022-01-03
CK110754,2022-11-10,Saving,MD,36757,hfsdjilxge,yzxwjo,2022-01-03
PV128464,2022-06-04,Saving,MD,40057,dcvkfvloqf,hzgbnm,2022-01-03
SV84775,2022-06-19,Private,FL,54437,ykcgfuuhuw,gcbmuf,2022-01-03
CK137773,2021-12-19,Checkin,IN,24361,hwjadnqyyk,jpfidg,2022-01-03
SV163168,2021-01-11,Private,ME,76329,vniyyrmxlb,xlqoja,2022-01-03
SV82748,2022-01-08,Saving,CT,85805,mfvldjokpc,jubswp,2022-01-03
SV139831,2022-10-03,Private,AZ,34559,dyjqwlqaso,antled,2022-01-03
PV72787,2022-07-11,Checkin,LA,25488,wtezfaaajw,ppmxni,2022-01-03
SV120918,2022-10-25,Saving,HI,41430,caytfmvnou,jmigde,2022-01-03
CK85152,2021-02-13,Checkin,AK,23918,vdavkyjhsk,lqszhm,2022-01-03
PV130779,2021-02-06,Saving,IL,74075,azgteelmxb,wzdgin,2022-01-03
PV154615,2022-03-14,Private,FL,75973,ivylhsfjlh,nxsrhv,2022-01-03
CK74597,2021-10-24,Private,IL,47400,rcbubevcqd,ojtlcw,2022-01-03
CK74463,2022-09-19,Private,AZ,45666,ivsvrljndh,gqnsgr,2022-01-03
PV58591,2021-11-30,Private,IN,64835,ksjfvxlcig,xsrnff,2022-01-03
CK45740,2022-06-22,Saving,KY,75912,pmemuanuhd,cyqwiq,2022-01-03
PV174184,2022-01-12,Private,IL,72467,ujzomuoxmx,cejxkh,2022-01-03
PV124156,2021-02-27,Checkin,AR,72378,jmjjmbfxem,atyyrm,2022-01-03
PV167480,2022-02-04,Saving,IA,47131,dokfalsezq,zvpqoh,2022-01-03
SV166108,2021-02-01,Saving,FL,85792,vvrqrsndsz,yfjclv,2022-01-03
SV109819,2022-03-08,Checkin,GA,73028,tcibfmdnkl,qruten,2022-01-03
CK155377,2022-08-07,Checkin,CO,55359,vltyrbxmfo,btafqi,2022-01-03
CK183453,2021-05-13,Private,IN,25903,kighcwvogo,hsoyhi,2022-01-03
CK185859,2021-03-07,Checkin,GA,67770,okwixcxcna,ujjnaw,2022-01-03
SV59304,2021-01-11,Private,DE,60207,ayuohshkma,eaetto,2022-01-03
CK105913,2021-08-18,Checkin,AK,91866,tupsppegps,dqzgdy,2022-01-03
CK37955,2021-04-08,Checkin,CO,95342,jcfbreszbf,sjjyxx,2022-01-03
PV177564,2022-02-26,Private,GA,76234,kufuzpcjmc,kebepr,2022-01-03
PV93141,2021-09-29,Checkin,AZ,51460,mlmyjmujne,mifadf,2022-01-03
CK52459,2022-03-28,Private,IN,50060,xjnkkzrqfk,osgrfq,2022-01-03
CK129774,2022-10-11,Private,KY,85433,yyfeqhitej,gutrin,2022-01-03
PV68223,2022-01-30,Private,FL,45167,ohmywuwuwz,liysnc,2022-01-03
PV186570,2021-11-28,Checkin,AL,51353,dtbsafbabu,vtdnti,2022-01-03
SV28789,2021-01-21,Saving,CA,69883,gquhseapse,sfhhqs,2022-01-03
SV156268,2021-12-27,Private,IN,50886,lkymjghhso,pygeoq,2022-01-03
PV142813,2021-05-18,Private,AK,66869,woegtxtzce,vtzwpv,2022-01-03
PV31594,2022-03-30,Private,DE,28841,xnruznleju,yixsaf,2022-01-03
CK44702,2021-07-01,Saving,KY,36067,kmgzihprdw,tczicv,2022-01-03
CK112035,2022-07-21,Saving,DC,56102,ofpktuedcy,idjalb,2022-01-03
SV98942,2021-02-16,Saving,IA,51480,ipdypsbryp,gxxxin,2022-01-03
SV53834,2022-10-26,Saving,IA,74443,mszdtqydkk,gkawzk,2022-01-03
PV75250,2022-02-25,Checkin,FL,48094,avlkalyqmf,tqnzbi,2022-01-03
PV60190,2021-04-23,Private,DE,53373,rukledlauh,dsuoby,2022-01-03
SV86750,2021-03-14,Private,IA,90742,yyaggjxtwe,xncimo,2022-01-03
SV31461,2022-06-13,Saving,IA,76538,vctlirtofz,dbjooo,2022-01-03
CK154746,2021-05-29,Saving,MD,68446,uqsbzezjjt,xumokt,2022-01-03
CK156205,2021-04-01,Private,CT,81478,htiyqwspca,twuwcc,2022-01-03
SV74023,2021-01-28,Private,LA,26148,wqrrorfxuq,xdvdhn,2022-01-03
CK110048,2022-05-30,Saving,FL,75928,sfdcvezmbj,krufnh,2022-01-03
CK160733,2021-10-23,Checkin,IN,81262,vfdkcdnetb,jmkxde,2022-01-03
CK187112,2022-05-31,Private,IA,89931,byauqzxvqv,bbkdya,2022-01-03
CK64308,2022-11-12,Private,DC,28842,jlnbumwyfq,kcscln,2022-01-03
CK165030,2021-09-21,Private,HI,69494,svoaiduifz,aixewx,2022-01-03
SV39213,2021-10-31,Private,IN,59471,vsglvbedtj,tlamcn,2022-01-03
CK49806,2021-03-03,Saving,CO,56628,exkziyajde,gaencg,2022-01-03
CK78285,2021-10-31,Checkin,KS,70133,ntsmdpkyrn,zblxfu,2022-01-03
SV172780,2022-06-16,Saving,GA,77505,xqxhrxkjmd,jrgvha,2022-01-03
CK178381,2022-04-04,Private,KS,63920,ofvfrgoekh,qtgdhe,2022-01-03
PV142658,2022-10-12,Checkin,GA,34673,exsnqlbrhj,mvzefw,2022-01-03
CK148159,2021-04-15,Private,AR,51729,psenevvmmz,tkgkbk,2022-01-03
SV186434,2021-11-23,Checkin,ME,58747,mqmofqpkvh,gosnqb,2022-01-03
CK33053,2021-06-11,Saving,MD,91619,znmwdevtfe,jlnadx,2022-01-03
SV152704,2021-03-04,Checkin,DE,39540,kgecmnnqct,yusjbb,2022-01-03
PV162568,2022-11-22,Checkin,ME,27993,esnproxwwm,lfljza,2022-01-03
SV57959,2021-08-02,Private,HI,60057,tsargaadox,bhpecn,2022-01-03
CK87503,2022-09-20,Private,LA,74451,viksoojbas,sfbmrq,2022-01-03
PV139186,2021-07-26,Checkin,KS,94060,kovfsrfqrr,lwytfd,2022-01-03
PV82845,2021-09-04,Private,MD,43587,mnyqbmszhn,egveqe,2022-01-03
PV43457,2021-05-31,Saving,MA,94869,almagdowid,gxwtuk,2022-01-03
CK109377,2022-08-12,Private,KY,27804,xpxfudyuye,hnkvvp,2022-01-03
SV83372,2022-03-23,Checkin,AZ,80967,prvahsouqv,shwwfn,2022-01-03
PV148687,2021-01-22,Checkin,IL,56529,kqbdkrvpko,knhviw,2022-01-03
PV116279,2022-09-15,Checkin,CO,87137,dwyxnqxkvy,yuvkwn,2022-01-03
CK178450,2022-05-09,Private,IN,76408,wpvtvkflzv,ahbaez,2022-01-03
CK132542,2022-02-11,Private,AK,87757,wmgvlxwmax,qpxphk,2022-01-03
PV146747,2021-09-08,Private,DE,64979,qgpobguwax,xwocce,2022-01-03
CK50068,2022-11-12,Saving,CT,55637,kfsmouprbz,imcdds,2022-01-03
CK67989,2022-05-21,Checkin,FL,74912,eqwdgoelhf,vmxwfc,2022-01-03
CK136715,2022-02-27,Checkin,KS,36023,pjrmdjqnqv,bghkxd,2022-01-03
PV165338,2022-05-28,Checkin,FL,83745,tkwypcxmql,mctaai,2022-01-03
SV85099,2022-06-25,Private,ID,39401,jflurfdxjt,qaqizs,2022-01-03
SV129538,2022-08-30,Saving,AK,82825,btdlzjdshk,tagcki,2022-01-03
SV164425,2022-07-14,Private,IN,86743,vsoftztkuf,nkkmaq,2022-01-03
PV37763,2022-03-02,Private,CO,29706,jsqfnfodta,slewhf,2022-01-03
CK187063,2022-04-05,Checkin,IL,98311,zsnbhtledp,uouvhg,2022-01-03
SV138484,2021-01-02,Checkin,KS,52180,hualavkqio,wnwxwx,2022-01-03
CK92342,2021-08-23,Checkin,AR,42452,yungxgwexy,wkpzur,2022-01-03
PV106265,2021-02-21,Saving,AZ,30404,oxuzolrdbw,fabvmy,2022-01-03
CK41161,2022-01-02,Private,DE,90880,irxsijtjow,qpvrbg,2022-01-03
CK105792,2021-08-17,Saving,HI,40763,rkjvunsblp,aghbyr,2022-01-03
CK66302,2022-09-27,Private,IA,79243,aezmzspddh,wvguzm,2022-01-03
SV74149,2022-06-15,Saving,ID,48071,ittlwtrcbz,wekwvo,2022-01-03
PV42157,2021-03-07,Private,CO,67953,anfhrebrbd,sleybf,2022-01-03
CK95870,2021-02-15,Saving,AR,32360,gnnpvrtsgz,bfifid,2022-01-03
SV185423,2021-12-24,Checkin,IA,25642,mqgmtlceps,dkuavd,2022-01-03
CK111138,2021-01-21,Private,IL,46710,zqlxcwpbqn,biccjf,2022-01-03
SV56924,2021-06-05,Private,AL,61361,akulloqsxd,bwfgml,2022-01-03
PV48036,2021-02-23,Saving,MD,33980,vlbxnajjjz,xialvz,2022-01-03
PV38945,2022-10-01,Checkin,AR,73660,hwrblhokla,ftimad,2022-01-03
PV118387,2022-05-16,Checkin,IN,34180,dsvxllmqzm,uookvt,2022-01-03
PV123646,2021-06-17,Checkin,AK,67435,kyvlydoezw,pwkoqo,2022-01-03
PV153745,2021-01-02,Saving,AK,56915,fecgaxuyfm,jbclbi,2022-01-03
CK34826,2022-06-17,Private,GA,94053,qjyxpgwlex,lfzndo,2022-01-03
SV135113,2021-02-18,Private,MA,64572,eghcysfdlr,ikxexu,2022-01-03
PV86203,2021-08-20,Private,IN,89289,dewchfcuvp,juygwk,2022-01-03
CK168105,2022-03-09,Private,ME,65394,vawiwibzie,pnnqrs,2022-01-03
CK149417,2021-01-05,Checkin,CA,46342,pgoaespmzy,jsxyqe,2022-01-03
SV137083,2022-08-07,Checkin,DE,86687,xitijnddxg,sqncjb,2022-01-03
SV164075,2021-07-01,Checkin,GA,84569,vtsrgxixpq,oghxey,2022-01-03
SV181164,2022-04-03,Checkin,DC,52557,tmustykche,zodlei,2022-01-03
PV123221,2021-02-15,Private,CA,96376,vjlufcsaef,hlfvme,2022-01-03
CK179050,2022-09-28,Checkin,MA,65428,qtxfwazkkh,hcnbyw,2022-01-03
CK137846,2021-10-11,Checkin,AL,60613,srrthkuhzo,erkgml,2022-01-03
PV31383,2021-01-02,Checkin,MD,34512,gazdhckpqm,kzftxb,2022-01-03
CK86427,2022-06-16,Checkin,DC,26989,afubpxgvrl,twvjxb,2022-01-03
SV127089,2021-08-01,Checkin,IL,28563,lqheevaszc,pteswe,2022-01-03
SV75681,2022-01-16,Private,CO,42157,garqwgcogv,xeegro,2022-01-03
SV122826,2021-12-12,Checkin,GA,60809,ucofwggnht,vtjrwn,2022-01-03
CK74974,2021-01-12,Private,AK,41731,ehhouknqjf,evqrry,2022-01-03
CK150119,2022-07-12,Checkin,FL,67508,yaneebjvxi,argwnf,2022-01-03
SV45891,2022-07-25,Private,DE,40605,sakazggtit,xkyhbc,2022-01-03
CK127507,2022-11-28,Saving,FL,62435,hplningrnm,pjgeem,2022-01-03
SV42997,2022-05-04,Checkin,IN,73318,milnvszbvo,njwczr,2022-01-03
PV170852,2022-11-23,Private,KS,81794,fzsxqrxdrp,glhitd,2022-01-03
CK66727,2022-10-15,Checkin,CO,25442,jpkitpxfsb,magonn,2022-01-03
PV32028,2021-11-25,Saving,CT,90122,juneywcjho,ampxql,2022-01-03
SV161432,2021-09-03,Private,AZ,33027,flbvybdaqv,mjavrd,2022-01-03
PV112214,2021-03-16,Checkin,AZ,55074,okjzptaueh,fbxjxb,2022-01-03
SV92027,2022-01-31,Private,CO,80400,rxymkdvdro,smwhvj,2022-01-03
PV181859,2022-04-08,Saving,AK,39659,gijjcckwoa,eolkdc,2022-01-03
CK104869,2022-09-01,Checkin,AK,32222,suepezvzft,madoci,2022-01-03
CK45463,2021-01-11,Checkin,HI,34773,qluovupsgx,ahyfth,2022-01-03
CK85032,2022-02-20,Private,KS,61528,lpwcfgjzht,evzqcj,2022-01-03
PV82586,2022-06-14,Saving,LA,43704,ydqqcsfbfy,wpzniq,2022-01-03
PV158627,2022-06-12,Private,LA,44197,dfeztuxaid,abdtgj,2022-01-03
PV89614,2022-03-04,Saving,CT,60088,dvjxgidnem,yrrclf,2022-01-03
SV141468,2021-12-06,Saving,MA,77567,ormxfmbytl,rfqdkm,2022-01-03
CK174569,2021-05-25,Private,CT,93861,hxicqnedlp,xvagqi,2022-01-03
PV146177,2021-12-15,Checkin,AK,54445,skaksfvztp,uhemkp,2022-01-03
CK113829,2021-05-16,Private,MD,44428,wedjioahvx,pfgqzg,2022-01-03
PV88563,2021-11-05,Checkin,DE,43989,hkodpnwxdy,dwpjbc,2022-01-03
CK68996,2021-06-21,Checkin,HI,70511,hxoivmpgkm,ronjhd,2022-01-03
SV185153,2021-06-28,Checkin,AZ,94520,ivvupdvfwl,djypgt,2022-01-03
SV168849,2022-01-12,Saving,ME,35066,zscwufxkit,xmjmre,2022-01-03
PV115332,2021-08-20,Private,MA,63177,htbawolbvu,pbacga,2022-01-03
CK158444,2021-10-01,Saving,ID,50911,fptpwxszex,bxlpxi,2022-01-03
SV59559,2021-09-06,Private,KY,67642,dkqolrcywd,qotamm,2022-01-03
PV166239,2021-02-16,Private,AK,25945,mplonefwmv,qzblyd,2022-01-03
CK120729,2022-01-27,Saving,DC,34482,dxbpjexoss,viqyiq,2022-01-03
SV40157,2022-03-04,Private,AK,91391,qabrrvyijr,rdmhas,2022-01-03
CK156082,2022-06-16,Saving,ID,76495,rfqyyiajfi,cwggip,2022-01-03
CK60574,2022-10-10,Saving,CT,84036,ivlkytopgv,qfatfx,2022-01-03
PV61656,2021-09-08,Saving,IN,75623,cogitjxdrn,vklfse,2022-01-03
PV126059,2022-06-07,Saving,CT,86577,lhlympgyvv,cmmffr,2022-01-03
PV141136,2022-01-04,Saving,IA,31023,gvwbpwfpve,srzfeb,2022-01-03
SV132411,2022-07-02,Private,KY,29321,vkkpoogieb,alwbkg,2022-01-03
CK154820,2022-10-29,Checkin,AK,24419,bhsdbqovin,zayzpt,2022-01-03
PV46070,2022-01-20,Private,KS,30172,tusrwiptoj,fbdqkr,2022-01-03
PV58864,2022-06-17,Checkin,ID,27815,nzkvqycakp,mrigev,2022-01-03
SV169978,2022-02-15,Saving,IL,59090,ggjhhcvyno,wcmaux,2022-01-03
CK77611,2021-10-22,Saving,IN,49057,jqxfhxxyqh,snyywe,2022-01-03
CK138650,2022-01-05,Saving,CA,78363,jehqxfrvpo,eujnxy,2022-01-03
CK47824,2021-10-19,Private,MA,92776,nfusbhiork,qofrpv,2022-01-03
CK85672,2022-02-15,Saving,HI,55372,crlzaneymf,gbkiol,2022-01-03
SV177757,2022-03-16,Checkin,MA,69664,xbcjizbpmz,ebtrvt,2022-01-03
CK46998,2022-01-24,Private,CT,96419,krlvoobavn,wahjmd,2022-01-03
PV68042,2021-02-26,Private,HI,41817,qhcsmudkro,vrmfzp,2022-01-03
SV171103,2021-09-04,Saving,FL,32029,kkpheiinam,latgnv,2022-01-03
PV152925,2021-02-16,Checkin,MD,24531,ftibufsgxh,fnuqcy,2022-01-03
PV133527,2022-08-09,Saving,ID,75003,atihzzfmhx,bfnnru,2022-01-03
CK182181,2022-08-01,Saving,KY,68524,tmxurcnyob,liajoe,2022-01-03
SV115881,2022-10-11,Private,AL,85466,rxuhkrjcwx,vxlczf,2022-01-03
PV108875,2021-03-09,Saving,LA,65083,yoyyascdhj,vsxemg,2022-01-03
SV59183,2022-05-30,Private,HI,49102,ppspeaqwaw,ipafoc,2022-01-03
PV150653,2022-11-23,Checkin,ID,65066,kqayibnffy,qrlzav,2022-01-03
SV51231,2021-05-17,Checkin,HI,90397,hjrbojrdrb,rvilif,2022-01-03
PV115134,2021-01-29,Saving,FL,77798,htphlrirwy,kibhov,2022-01-03
SV73337,2021-01-06,Checkin,KY,72749,nkpfjsrdsy,qhgyri,2022-01-03
PV88283,2021-09-30,Checkin,MA,63645,ygkloyfham,gcduoz,2022-01-03
PV78282,2021-12-21,Saving,MA,50055,mvlcgdsrvi,bfpxpx,2022-01-03
PV105385,2021-08-10,Private,HI,35406,vydfurbiww,kbhxwa,2022-01-03
CK43623,2021-09-10,Checkin,CT,83253,inaqsapcfo,ytgbup,2022-01-03
CK166696,2022-09-04,Checkin,DC,53831,qmbgmpminf,imdnyp,2022-01-03
CK131942,2022-03-18,Saving,GA,53787,slrcdyiewj,hulpod,2022-01-03
SV181242,2022-11-11,Saving,IN,94308,jxbjigdlay,viquqa,2022-01-03
CK54288,2022-10-28,Private,KY,85931,oyroyymrjb,rteehe,2022-01-03
SV50048,2021-06-10,Saving,ME,40598,wkddyqgzrl,udwstr,2022-01-03
PV46135,2021-02-27,Checkin,IA,55547,xnwgyuikfq,pbkupa,2022-01-03
CK59648,2022-01-18,Checkin,IL,54943,tbrpgwdkvp,qercdy,2022-01-03
CK155857,2022-06-16,Checkin,DC,32015,etrgrveyto,mmucnd,2022-01-03
SV179061,2022-07-08,Private,AL,27834,mouydpfgrx,mfeyra,2022-01-03
PV111862,2022-06-04,Checkin,ID,27414,lcupwkvsel,nicobv,2022-01-03
SV82365,2022-03-18,Saving,LA,86214,iwsssssmtj,bxbwjq,2022-01-03
CK153369,2021-07-30,Checkin,ME,77175,jxbkpdmnhf,uambhi,2022-01-03
SV125270,2022-10-19,Checkin,HI,65893,ulfnuwflws,wugbqj,2022-01-03
PV141431,2021-03-17,Saving,GA,55670,dvtpwvlnvr,lryldb,2022-01-03
PV185900,2021-09-03,Saving,KS,32654,pihjlevgwr,hnljjz,2022-01-03
PV145279,2021-07-04,Saving,ID,37423,gjfbdzyngs,shenwa,2022-01-03
CK179291,2021-05-28,Checkin,FL,27298,wkuxwiflsi,ztbxrv,2022-01-03
PV138263,2021-03-13,Checkin,MD,54980,ngfsnxbpqr,uzcacb,2022-01-03
CK154698,2021-11-30,Checkin,KY,36116,cvgbktalhy,zbknhu,2022-01-03
CK78740,2022-08-28,Checkin,DC,75509,hcsnaaibeq,sezpax,2022-01-03
SV137285,2021-11-17,Private,FL,31378,vxqydvgwgo,xpvdvm,2022-01-03
SV180484,2022-06-01,Checkin,IL,23979,kamkklpvdx,pbmwao,2022-01-03
SV112759,2022-04-17,Private,MA,95775,pvwhxuwazg,gjrqvr,2022-01-03
SV99698,2022-08-19,Saving,ID,91542,vseaplidod,uaddcw,2022-01-03
CK179697,2021-02-01,Saving,AR,30587,uicpvlyztz,ybzskw,2022-01-03
CK89968,2021-06-03,Checkin,AR,84795,ulkmbnuaqh,yvcgys,2022-01-03
SV41210,2021-09-10,Private,IA,39550,iayufmlexq,nvoxcc,2022-01-03
SV180589,2022-10-08,Checkin,HI,69055,giwntgnhwo,kwrard,2022-01-03
SV115836,2021-10-03,Checkin,AK,50101,qpdnxbhexz,rupzig,2022-01-03
PV111140,2022-08-21,Checkin,KS,96345,mcentzfyom,deggfi,2022-01-03
SV149184,2022-06-22,Checkin,AL,57262,tkrnttiqzg,zedwfs,2022-01-03
CK162084,2021-03-21,Saving,CT,26378,zlkbiwisll,alvwwi,2022-01-03
SV153897,2021-05-07,Saving,MA,83853,ikqdgdjcpa,gcqgkd,2022-01-03
PV155897,2021-05-16,Saving,CT,25155,rwphyuppmy,ickemk,2022-01-03
SV56608,2022-09-06,Saving,KY,59119,jqcktisxie,ijohfl,2022-01-03
SV40712,2021-07-04,Checkin,KS,59697,htrcevivmq,ayoanr,2022-01-03
CK144906,2022-01-29,Checkin,AR,45888,hcezahyclz,ekxcxa,2022-01-03
CK135898,2021-07-18,Private,KS,52732,xxhkzvfxes,qhqmix,2022-01-03
PV87473,2020-12-30,Private,AL,88685,unhunlscrc,uzhlbl,2022-01-03
CK98751,2021-04-09,Private,GA,43889,sxtonqtule,hcguxj,2022-01-03
PV86111,2021-05-17,Private,LA,45373,jkgoxpgzhw,ykdnkm,2022-01-03
SV36391,2021-02-04,Private,ME,48515,bhgkbqyrle,amcbjo,2022-01-03
SV131100,2021-03-22,Saving,CO,43499,mbxcztkygg,swummj,2022-01-03
PV185932,2022-03-25,Saving,CO,69246,gmrcbuonuy,fpcmch,2022-01-03
CK88710,2021-02-09,Saving,IN,52298,stzhpfubrc,klxmme,2022-01-03
PV96224,2021-05-29,Private,CT,51639,ndmmeawguh,gahxvj,2022-01-03
CK52768,2021-01-29,Private,IN,98641,xvbelpcgwm,xfmpmk,2022-01-03
PV105286,2022-04-15,Saving,HI,44422,lvzyypxaye,yolnas,2022-01-03
CK69457,2021-11-09,Private,ID,25163,zqmbpoiyxp,bvbgta,2022-01-03
CK84250,2022-10-17,Private,AK,42787,hcgplzzgub,ndvayu,2022-01-03
SV41192,2022-06-18,Private,CA,34591,qrjnncfdie,xqykdm,2022-01-03
PV89897,2021-01-19,Saving,AL,76418,sfcsdxfecq,zoscpc,2022-01-03
PV97817,2021-08-08,Saving,IN,79738,bnfjivpwjp,hakpfa,2022-01-03
CK78331,2021-07-11,Saving,IA,71018,sdzqccwram,fapvcd,2022-01-03
PV91820,2022-09-17,Checkin,AR,33062,cmdlvlojzz,prkzrq,2022-01-03
PV108700,2021-05-04,Private,AR,36186,pugkywxphj,avedkg,2022-01-03
SV72220,2021-05-07,Private,KY,94932,nrgudjvgiw,iphdnl,2022-01-03
PV124481,2022-03-11,Checkin,AR,27349,ctybhtflio,aclhqp,2022-01-03
CK133501,2021-03-29,Private,GA,97342,tvhxqdroyy,wcsybs,2022-01-03
SV74226,2022-08-26,Private,AL,54745,oacefapmog,xlhccp,2022-01-03
SV32943,2022-05-24,Private,DC,67624,ftuabeumfw,aufuif,2022-01-03
PV96926,2021-01-02,Checkin,HI,32848,pbbwhrwavh,qnfwei,2022-01-03
PV51874,2021-03-18,Saving,KY,65354,buccycxgzd,vrjbye,2022-01-03
CK162877,2021-01-22,Checkin,IN,47688,rmnbpsickq,kglvdj,2022-01-03
PV159543,2021-05-09,Private,LA,68444,qbxustadxl,kvvvms,2022-01-03
PV118328,2022-11-23,Saving,FL,79375,hbpafpohmk,wxfebw,2022-01-03
SV154366,2021-06-03,Saving,HI,74840,ffvcucgwmk,yirrxv,2022-01-03
PV121725,2021-02-05,Saving,FL,59080,thdhvczlyn,yudsaw,2022-01-03
CK34385,2022-04-14,Private,AK,30379,mmodtzvjeb,hvaqrd,2022-01-03
CK73372,2022-10-04,Private,CT,65108,cawlrvfqsq,pjjtop,2022-01-03
CK71294,2021-04-29,Private,AK,44583,zfaqvoambh,frcyfh,2022-01-03
PV67603,2022-11-25,Private,MA,93211,mrnfkxsrap,cymchf,2022-01-03
PV77132,2021-07-17,Private,AK,97104,cgimsjxina,rfnmfq,2022-01-03
SV169511,2021-06-07,Private,DC,93375,zoaptstlqq,dyqymd,2022-01-03
PV112304,2022-11-20,Saving,MA,82281,tijenruedy,pwckbd,2022-01-03
PV112551,2022-02-27,Checkin,IN,67554,naecbbrnwz,zbkxhy,2022-01-03
CK29270,2022-06-21,Private,HI,82259,brnydbswrv,ocpjxd,2022-01-03
SV136591,2021-07-21,Private,MA,68264,rnrowickwc,crnbjs,2022-01-03
SV184768,2022-04-03,Private,IA,50162,yeoqubewai,zxazcx,2022-01-03
PV145160,2022-03-25,Saving,KS,65266,brdwzmjcas,xivixz,2022-01-03
CK131781,2021-07-11,Checkin,IA,93617,ldbpmgnpaq,tkkceb,2022-01-03
SV83326,2022-04-06,Saving,MD,92552,sbgxtcybkd,ocuxhx,2022-01-03
CK63031,2021-03-30,Checkin,MA,35810,ikoyaeygro,lrazfv,2022-01-03
CK94158,2021-10-19,Checkin,AK,84842,ofofmjlblt,ppykhy,2022-01-03
SV34777,2022-11-18,Checkin,IL,37086,nmhtevyynu,zuxtqd,2022-01-03
PV187125,2021-04-13,Saving,DC,57174,sjjojhqbwi,caoyjc,2022-01-03
CK93219,2022-04-02,Saving,CO,28180,jqpvomgwsi,lthcqx,2022-01-03
PV181973,2021-01-14,Private,CO,89748,lttrcmewri,knyfid,2022-01-03
SV42249,2022-09-16,Private,MA,54726,agwbrhhwxq,kuadpf,2022-01-03
PV185706,2022-06-27,Checkin,MD,40615,nyveaknnxp,jvufpz,2022-01-03
PV89063,2021-05-25,Saving,KY,32442,wstkdzjbcx,iqznoq,2022-01-03
CK133450,2021-02-01,Private,DC,37295,oygvimccyi,ezyxfn,2022-01-03
CK93431,2021-03-08,Saving,MA,86508,plnorlfoyx,zwjckp,2022-01-03
CK53184,2021-01-11,Checkin,FL,76096,aplhnkfqij,mcmnpk,2022-01-03
CK114712,2022-09-20,Private,ID,96370,tzyqbafktc,yajjnt,2022-01-03
SV103589,2022-02-06,Checkin,AR,98260,zamrrtbrsl,dtmamb,2022-01-03
SV184536,2021-01-10,Saving,CA,44326,imzfnimntx,reuvcn,2022-01-03
PV128674,2021-09-29,Private,MD,27700,zotwzatnnb,abovht,2022-01-03
SV114315,2022-01-13,Saving,ME,24773,ajcugjcgye,zsypvy,2022-01-03
SV31579,2021-06-08,Checkin,KY,77881,bwevnhwdjq,xxpaut,2022-01-03
SV73713,2021-10-28,Private,DE,96269,mlyebyczfc,eltyrv,2022-01-03
CK49131,2021-04-19,Checkin,CT,31702,uzfpmzsxxj,xtljon,2022-01-03
SV119588,2022-04-22,Saving,MA,83295,xuswwngmwp,rzpvnp,2022-01-03
CK187767,2021-04-25,Saving,KY,65969,aayfgrghuo,xxnbmu,2022-01-03
CK36316,2022-01-27,Saving,CT,36224,owzgvzysjz,vzesjn,2022-01-03
PV129322,2021-07-27,Private,LA,30743,uqeihtbfwd,dlnkon,2022-01-03
SV76486,2021-06-09,Private,HI,24765,dsdegomryy,kflzfi,2022-01-03
SV106801,2021-11-13,Saving,KS,56599,aoxsgbigne,iukveu,2022-01-03
CK46824,2022-02-17,Private,AL,34145,qzphmhpjwj,kxcmtt,2022-01-03
SV130378,2021-02-18,Checkin,HI,46400,flopagjbap,qjatpx,2022-01-03
CK35339,2021-05-17,Private,IN,95857,mozdohhfzy,kuldcm,2022-01-03
SV82103,2021-11-30,Checkin,KS,62124,btbqgesgsl,thkeql,2022-01-03
CK189385,2021-03-06,Private,IA,77451,guqrprrvbn,kxduod,2022-01-03
PV106548,2021-02-03,Private,AL,47792,eucymmbopy,tbhwwc,2022-01-03
SV34412,2021-09-28,Saving,LA,61300,upidzleltj,zhgwqs,2022-01-03
PV154732,2021-05-08,Saving,ID,90436,ghhnerwjdv,egmjjh,2022-01-03
PV100493,2021-03-08,Checkin,KS,92936,bemydrtuvp,oaykis,2022-01-03
SV55979,2021-01-01,Saving,KY,92374,okmevmxftz,vdnhnm,2022-01-03
CK38233,2022-11-15,Saving,MA,37055,fzysqqotte,jphvyt,2022-01-03
PV130155,2021-05-15,Private,AR,77319,ealinwncwy,arnhlm,2022-01-03
PV80025,2021-01-19,Saving,CO,94078,vzbdfhgvlo,omjncw,2022-01-03
CK74216,2022-11-23,Saving,AL,25215,dzlsfkqrbp,tvjxug,2022-01-03
CK90468,2022-11-20,Checkin,FL,39053,jttjpoycxb,gukslw,2022-01-03
SV92613,2021-07-04,Saving,AZ,52732,kdbybbfvrl,nlwedy,2022-01-03
CK78380,2021-07-29,Private,CO,85273,hzkgwjvbzb,twfqgn,2022-01-03
PV67391,2021-09-08,Saving,DC,95390,tvhbspxnaq,cgigpe,2022-01-03
SV51334,2022-03-07,Saving,IL,83166,cvybqhrthj,erksya,2022-01-03
SV104332,2021-10-01,Checkin,AL,84246,vusrlztouj,rljqmk,2022-01-03
PV59852,2021-04-21,Saving,KY,52962,grtgtdmera,mzpiqn,2022-01-03
SV78554,2022-07-31,Saving,MD,72590,xddbscvdez,ggsiqu,2022-01-03
PV33755,2022-04-14,Private,AR,85822,rghzcwlaqp,fpqeux,2022-01-03
CK187006,2022-03-12,Checkin,MD,24198,uldqvsuaca,olctxs,2022-01-03
CK93919,2022-07-12,Checkin,CO,77171,armtwumfyv,iwekry,2022-01-03
SV186966,2022-09-15,Checkin,AL,87110,ssvjutpyol,lekvck,2022-01-03
PV41333,2022-06-18,Checkin,AZ,70175,byrfcjeyks,ygemct,2022-01-03
CK164051,2021-12-13,Private,IL,62279,wewxadhslo,mqbtsu,2022-01-03
SV48674,2021-09-04,Checkin,MD,94901,bgqxwghadu,xtdqnm,2022-01-03
PV100306,2022-09-11,Saving,AL,82753,lpuhvaapfp,jkozos,2022-01-03
PV125815,2021-12-29,Checkin,CO,41865,pdsekmirbn,vfrkgz,2022-01-03
CK89559,2021-11-15,Saving,HI,42179,bovitmfdpd,hbexib,2022-01-03
SV148696,2022-11-07,Saving,CA,81154,rihdrvmbll,dqhhsh,2022-01-03
SV173107,2022-03-14,Private,ID,41352,fcelfvvfck,oiikgg,2022-01-03
PV148330,2022-04-03,Checkin,ME,76802,rspdrltmyk,trbfwx,2022-01-03
CK84268,2022-01-18,Private,DE,55629,xwsxjogcwz,kdgeed,2022-01-03
PV120025,2021-03-18,Saving,AZ,58201,btimyobeyn,xpnufz,2022-01-03
CK81490,2022-07-01,Saving,ME,72787,rsbbwjmvrz,jpabbf,2022-01-03
SV179053,2022-03-04,Private,MD,32891,ckofzwytzy,asahwo,2022-01-03
CK147847,2022-06-12,Saving,IA,86608,jpghqwwftl,xpfkvl,2022-01-03
SV108823,2022-11-25,Checkin,AR,75437,rhwcldsxrb,njnqnf,2022-01-03
CK169938,2022-05-19,Saving,AZ,75545,zgfkysuvcd,ykenyw,2022-01-03
SV150754,2022-05-31,Checkin,ID,42133,urvpaannje,umadwv,2022-01-03
PV131843,2022-10-06,Saving,MA,52123,hrreknlkmx,flpmbn,2022-01-03
PV112944,2022-09-17,Private,MD,90183,desdduxaip,cgkkyv,2022-01-03
CK44202,2022-09-13,Private,ID,71295,zubwzwkeal,aejlpv,2022-01-03
PV159083,2021-03-03,Private,CO,26969,uioyhubrjg,tdaheq,2022-01-03
PV76465,2021-05-02,Saving,IA,46990,yehvhzoiyc,tfssqa,2022-01-03
CK164975,2021-03-05,Checkin,AK,30661,zaknkhiolz,andsph,2022-01-03
SV47806,2022-10-18,Private,IN,61207,inpmmnwkqe,sdkmym,2022-01-03
PV58047,2021-02-14,Saving,KS,63383,qhynymljnq,venyzd,2022-01-03
SV43552,2021-12-06,Private,ME,30858,lydmzdsskz,oycqxx,2022-01-03
SV124898,2022-05-27,Saving,AL,75022,xeoelznqfd,exzacd,2022-01-03
CK39132,2021-04-04,Saving,AL,29864,peohiphfnb,gckrjy,2022-01-03
CK82259,2021-10-07,Private,CA,93371,xuwghihqwg,wvebeo,2022-01-03
PV175901,2022-07-06,Checkin,HI,43925,kobimdtsyz,riguha,2022-01-03
CK35165,2021-12-26,Checkin,KY,98627,nvgrbfyedb,obfmkc,2022-01-03
SV54400,2022-10-06,Private,IN,75613,qsbsemkidl,btoxby,2022-01-03
SV70219,2022-01-01,Private,AZ,86415,eufvjulpxr,pxdchu,2022-01-03
CK125067,2021-09-08,Saving,LA,96077,wwzzrhesac,fcjlae,2022-01-03
PV48321,2021-03-01,Saving,AZ,38659,aekmodbtfe,hzuxmx,2022-01-03
CK31050,2022-01-04,Checkin,HI,91300,lorsctszfc,ftnafz,2022-01-03
SV88372,2022-03-18,Checkin,FL,79300,xpdlqcptny,qzkvyz,2022-01-03
PV53607,2021-10-04,Private,AR,83104,zeztkfproe,xsgzxf,2022-01-03
CK36358,2021-03-20,Saving,CO,67785,lrvvcdwmpy,hkkqfh,2022-01-03
CK63040,2021-08-14,Checkin,KY,64462,lxxclbjnjo,duqyfm,2022-01-03
SV166857,2022-11-10,Checkin,KY,75676,qsxwbsgawr,ijxsab,2022-01-03
PV34182,2022-11-06,Saving,AK,35289,wykklbjous,kgtsqn,2022-01-03
PV120616,2022-05-10,Checkin,IA,80941,tjxforexxr,helntl,2022-01-03
SV163043,2020-12-30,Checkin,ME,97585,dhgjozpoen,esspdf,2022-01-03
SV33219,2022-06-02,Saving,GA,88546,xrrfjhexqa,xshmhv,2022-01-03
PV54675,2022-06-05,Private,HI,61332,nikcgauicl,uwzorp,2022-01-03
PV127081,2021-12-19,Private,CA,31447,cqtdiegklp,lunpwu,2022-01-03
PV32688,2022-09-07,Private,AR,75467,xykiddmqmw,jeexgc,2022-01-03
SV71073,2022-02-02,Checkin,AK,41295,vlwxczzjyl,iujrfw,2022-01-03
PV92318,2022-04-24,Private,GA,60333,djcgawaawe,dvyoyt,2022-01-03
SV143776,2022-09-06,Checkin,AK,89070,uwhxjjmxbs,grbpln,2022-01-03
PV103266,2021-09-09,Private,LA,91275,xueevrvrfj,urmxuv,2022-01-03
PV168248,2022-04-22,Saving,IL,64817,yakaxzitgd,sikgpu,2022-01-03
PV113057,2021-10-26,Private,AL,93643,petonttxhq,udajwn,2022-01-03
SV162530,2021-06-20,Checkin,ME,42647,lzpuxmuusp,aiqokt,2022-01-03
PV168631,2021-02-18,Saving,AL,56029,rtbkbmjnza,wvzwww,2022-01-03
PV58596,2021-11-12,Saving,AL,56766,kilsvlfsov,rrqmbc,2022-01-03
PV187385,2022-03-09,Saving,ID,96598,ypshfyzjuw,vftgyn,2022-01-03
SV71386,2021-10-18,Private,AK,92823,wbxnygwkxm,sneubp,2022-01-03
PV70562,2022-08-05,Private,FL,25468,dirjmkmodc,wylwix,2022-01-03
SV129601,2021-06-16,Private,CO,83865,whswekihpn,vjmzis,2022-01-03
PV32863,2022-10-19,Checkin,CT,65165,srnbhzrsrv,yqhrka,2022-01-03
SV140255,2021-02-14,Saving,MA,24945,xrgvzhvugd,vlhocd,2022-01-03
PV97523,2021-09-06,Saving,HI,43106,qfmcaathbe,pjthko,2022-01-03
SV45002,2021-12-10,Saving,HI,86875,xxpmbbuoyc,iknfjk,2022-01-03
PV180653,2022-01-15,Saving,GA,77968,ejbicxqxzp,ghhydr,2022-01-03
CK160566,2021-06-30,Saving,DC,56437,pxzjpibyde,xnhwbk,2022-01-03
CK155778,2022-02-24,Checkin,MD,97339,yvfgefckde,wjmwbn,2022-01-03
SV178286,2022-09-17,Saving,IN,69775,jsruroxyqg,eymduz,2022-01-03
CK93764,2021-10-18,Private,CA,76219,htgwghdiuf,mihdna,2022-01-03
CK71125,2021-03-14,Checkin,IN,55139,qadfprzigh,lhphhd,2022-01-03
SV52262,2021-04-10,Saving,ID,83677,dbjnxzjjmd,buesxa,2022-01-03
PV67515,2021-12-22,Checkin,ME,33490,chgyaawwaf,tgtcpa,2022-01-03
PV90188,2022-10-03,Private,ME,60986,itzjcmeazu,ywurhk,2022-01-03
CK142181,2022-10-10,Checkin,AZ,49395,vibvzwsqms,wnurei,2022-01-03
CK137581,2021-01-29,Saving,IL,28133,znvzmzcpcw,epjoiu,2022-01-03
SV92657,2022-02-21,Checkin,IA,40234,vpvvsvpfif,lhhvkn,2022-01-03
CK94863,2021-06-22,Checkin,DC,73932,mwgiwkbcre,uhsuef,2022-01-03
SV158826,2021-01-16,Saving,MD,34713,tztpthdurk,howvub,2022-01-03
PV126180,2022-05-04,Saving,ME,86778,ziahcvsfpo,upzajm,2022-01-03
PV175670,2021-11-11,Checkin,MA,82158,kcdlksxpjk,nckiva,2022-01-03
CK137532,2021-09-06,Saving,FL,69377,btpiklnyxo,hntjac,2022-01-03
CK160591,2021-04-21,Private,IA,58283,zkkdjsgscj,gsafqk,2022-01-03
CK32873,2022-11-23,Saving,AK,56527,yemboolxfa,yjunye,2022-01-03
PV187698,2021-10-31,Private,AZ,57988,hnmzderyee,gdltor,2022-01-03
PV124571,2022-08-13,Checkin,MA,26296,skgqrlzaim,uyxafc,2022-01-03
PV148609,2022-07-04,Private,ID,55380,tcycmazghc,fjyqin,2022-01-03
SV126067,2021-10-22,Private,HI,23918,npmpgltiut,qawklg,2022-01-03
CK169075,2021-03-01,Checkin,AK,69371,ahmmiarlra,yocrvx,2022-01-03
CK82317,2022-01-12,Saving,CT,46704,clsvhpotcu,pjnxad,2022-01-03
PV134047,2021-03-14,Saving,DC,95379,nussebcdlw,xuywet,2022-01-03
CK164867,2022-03-14,Checkin,HI,75090,figbxjyqwu,zbhtzp,2022-01-03
SV41181,2022-04-28,Saving,CA,78812,jzezexojhd,fmnpat,2022-01-03
PV136112,2021-05-02,Checkin,DC,71516,myezzgjbci,kzsoqu,2022-01-03
SV179362,2021-08-18,Private,AZ,85106,dqeaseukfn,bcrntr,2022-01-03
CK51159,2021-05-07,Saving,MD,54141,lxxjwtamtu,jenkuj,2022-01-03
CK109013,2022-06-02,Private,ID,63637,iwkyynpinw,xfzzpt,2022-01-03
PV121165,2022-02-18,Saving,AZ,62889,lqcanaxijy,xhmiab,2022-01-03
SV66753,2022-06-03,Checkin,DE,47523,gagaycaofw,osyman,2022-01-03
SV153275,2022-05-10,Saving,IL,67701,kgduknrwey,dnkmrn,2022-01-03
CK40263,2022-09-07,Private,GA,28024,cbpfoqugpq,wgipai,2022-01-03
CK96919,2021-10-24,Private,AR,81223,yirrsnhbzi,nyzzvy,2022-01-03
CK172084,2022-01-08,Checkin,AR,46510,hfhykalifo,tigkvb,2022-01-03
CK186632,2021-10-08,Private,CO,66653,bhpqvrehpe,cpzkey,2022-01-03
CK83966,2021-03-26,Private,MA,54488,tavvyhpsrq,zlyasm,2022-01-03
SV82455,2022-05-30,Saving,ID,29697,klqhfavgdw,wtmgfm,2022-01-03
PV94993,2022-07-24,Checkin,DE,55155,vlxparttun,mwdvrw,2022-01-03
SV45787,2022-01-05,Checkin,IL,77137,fskympqmse,tafwlz,2022-01-03
CK183535,2022-05-26,Checkin,FL,76564,sidgbtizzf,afowiv,2022-01-03
CK63792,2021-09-10,Saving,AZ,54199,tnjhimnqjo,navkvx,2022-01-03
SV154728,2021-06-12,Checkin,KS,80271,avtosfefru,slcrop,2022-01-03
PV147905,2022-08-14,Saving,ME,87397,nndhtfjqqd,ercecl,2022-01-03
PV80234,2022-08-31,Saving,CA,68559,rldbxhqxiw,hjpjvs,2022-01-03
CK133983,2021-12-23,Saving,DE,50167,tmusiqdacz,rchdip,2022-01-03
PV148293,2021-03-06,Private,AK,91930,pxaacpevev,nendqd,2022-01-03
CK184564,2021-07-23,Checkin,IL,83283,ebufncomds,mbakch,2022-01-03
CK133328,2022-06-27,Private,LA,41256,dcnrskrpka,keqwzl,2022-01-03
PV159990,2021-11-08,Saving,ID,72977,ioioanxbtb,eowfni,2022-01-03
CK86627,2021-07-05,Private,CA,54630,whchsrxqly,btddbv,2022-01-03
SV54380,2021-10-24,Checkin,AK,37890,hqytisqlvh,ptngwl,2022-01-03
SV163566,2021-01-11,Saving,AL,56238,cxbokozglg,xodguv,2022-01-03
SV168758,2022-08-02,Saving,AK,68104,jdxezzxqof,ohgurp,2022-01-03
CK37046,2021-09-17,Checkin,LA,26402,zrshlwhnph,mdtdqy,2022-01-03
PV28900,2021-10-01,Checkin,CT,34581,vgvsvdsmab,fvqzxy,2022-01-03
SV63371,2022-05-12,Saving,AZ,25604,ahjfyxhygb,dpgthr,2022-01-03
PV66198,2022-09-17,Saving,KS,83732,gwetvecjqf,hvoojo,2022-01-03
CK147820,2021-01-27,Private,IL,56258,cwzgpmpebu,fnnael,2022-01-03
PV141460,2021-11-29,Checkin,CO,24075,dezcqrnllo,hivrpy,2022-01-03
CK28759,2021-08-01,Private,IN,77385,bfvwayiuud,djtjgz,2022-01-03
CK171405,2022-01-08,Saving,LA,86879,caktahuhpv,czfavb,2022-01-03
SV184118,2022-06-13,Private,GA,23856,msyohmrprs,kdqmdu,2022-01-03
PV97428,2021-10-08,Private,ID,93896,naszzpsdgj,ldasep,2022-01-03
PV174096,2022-10-19,Saving,MA,39667,itpaqtdcgc,yizlct,2022-01-03
SV132695,2021-02-12,Checkin,HI,62839,vnrxkigubh,oymnge,2022-01-03
PV74294,2021-09-15,Private,IN,69862,pitbledhrt,nnaqfj,2022-01-03
CK183604,2021-12-02,Saving,CA,24881,wnrpxmpfav,bgquii,2022-01-03
PV67519,2022-02-28,Checkin,AR,61549,aelgcqhnjh,laxtdx,2022-01-03
CK75940,2021-09-02,Private,HI,83647,pepexwsynk,tidsso,2022-01-03
CK133679,2021-04-30,Saving,DC,98101,fabobpoxjq,klcuhe,2022-01-03
CK158585,2022-08-14,Saving,DC,82194,glimhncveq,jmjyqw,2022-01-03
SV129023,2022-01-26,Checkin,ME,39280,qamwtsoyab,flhzwa,2022-01-03
SV145273,2021-10-16,Checkin,AR,95727,ypmykmhqny,npvsyx,2022-01-03
SV90249,2021-08-12,Private,LA,96263,roheezoiiy,speqnm,2022-01-03
PV161977,2022-10-15,Saving,HI,63774,mfteikhoqb,bjoqio,2022-01-03
PV141695,2021-08-09,Checkin,LA,38676,jhxaixsdkt,ojgnyc,2022-01-03
PV58006,2021-10-24,Saving,MA,40545,mryddgpwvu,gmwham,2022-01-03
SV65534,2021-11-01,Checkin,IN,52018,xopxnnpgnx,ezndev,2022-01-03
PV128056,2022-10-23,Checkin,HI,64775,wxvdqzextv,qmestl,2022-01-03
SV155008,2021-03-21,Checkin,CT,39143,jbnmadbthq,pwjqcb,2022-01-03
CK51693,2021-07-20,Checkin,CO,66758,obdqpcgkry,kibtnx,2022-01-03
CK119429,2021-07-31,Checkin,HI,39122,wsexqvbanf,zuptuq,2022-01-03
CK111978,2021-02-01,Checkin,IA,68252,hhjgwilmrl,pxzcsu,2022-01-03
SV122837,2022-02-13,Saving,CA,84541,pvoblbsfzz,lycpvt,2022-01-03
PV117103,2021-12-29,Private,ID,91549,anghgiuuro,rjmulc,2022-01-03
CK93236,2022-05-30,Saving,IA,67476,vswgqwyeim,ctxvio,2022-01-03
SV68088,2022-06-18,Private,LA,58787,gynoxzvsko,czlpxu,2022-01-03
SV140591,2021-11-13,Checkin,IN,27499,rxoayrrpjz,thafof,2022-01-03
PV37684,2021-08-18,Checkin,CA,24633,hwzmbcqtwx,dytgnv,2022-01-03
PV78980,2022-08-06,Checkin,CA,96388,olrsmmvfyv,zvuuts,2022-01-03
SV141829,2022-09-16,Checkin,DE,43422,gmschfdlon,dzebow,2022-01-03
SV181197,2021-05-19,Saving,AZ,91083,ylhwylhwyv,clpopt,2022-01-03
PV171751,2022-11-10,Checkin,ID,95113,axpqsyigvo,vzicyp,2022-01-03
CK85444,2021-02-15,Private,CA,35185,aidjygblgz,svckha,2022-01-03
CK128519,2022-02-22,Private,IA,73997,rcwsuigxvp,rjuymi,2022-01-03
PV140884,2022-05-24,Saving,DC,89351,cbilbsgjkm,thvvmm,2022-01-03
SV112491,2021-02-16,Checkin,IN,57759,jkwtkvpopp,jbxepv,2022-01-03
SV161233,2021-02-27,Saving,DE,23751,ifujycdcmp,gfregp,2022-01-03
CK35957,2022-11-19,Private,HI,72367,adeuewwuux,cnuibx,2022-01-03
SV89853,2022-02-06,Private,AL,90355,xqmzomyhjw,ghvzju,2022-01-03
PV132522,2022-02-17,Saving,DE,36995,giysbsvwdb,jbgoyh,2022-01-03
SV189259,2021-03-07,Checkin,MA,68446,jonzqsgyoo,fhttcn,2022-01-03
SV115751,2022-05-17,Saving,FL,68267,ioxxutrdxd,zlnfpt,2022-01-03
PV47179,2021-09-15,Private,CT,85840,lsdwxtkkjd,pqyttx,2022-01-03
SV157036,2021-10-17,Private,DE,86208,kgpxubupbw,jyhezx,2022-01-03
CK113520,2021-05-04,Saving,DE,92877,zqlbtkdilb,rcqsfp,2022-01-03
CK103201,2021-10-28,Checkin,KY,54725,xldydvlsya,mcpnmk,2022-01-03
SV83901,2021-03-01,Saving,FL,77126,stwdzysgwl,utyope,2022-01-03
SV54002,2022-11-04,Private,HI,77210,pgyeggmcmu,xbxhlb,2022-01-03
SV107483,2021-10-04,Saving,HI,73950,mtevffgkep,fgxzed,2022-01-03
SV70777,2022-01-23,Checkin,KS,53364,ahmsdvuqpu,jfkian,2022-01-03
PV45721,2021-06-10,Checkin,KS,69348,htsvitaxrt,fjkahk,2022-01-03
PV111020,2022-01-10,Saving,DC,30791,csphpsqvsj,feruww,2022-01-03
SV99321,2022-10-10,Private,IA,37271,dpuljxnnhx,ytdcnc,2022-01-03
SV177106,2021-07-03,Saving,AR,78262,jzunqjhtag,uccojo,2022-01-03
SV96672,2022-04-02,Checkin,KS,32169,kfkiqxsmwa,vsemzo,2022-01-03
PV84873,2022-04-20,Saving,IL,37775,fmamewznip,sdjkfb,2022-01-03
PV186309,2022-03-22,Saving,DC,68495,ngrlktjwak,wqtyvn,2022-01-03
PV145499,2021-01-10,Saving,KY,41926,ryjwojsnlh,lawblu,2022-01-03
PV151820,2021-05-07,Checkin,IL,91927,vcrjmfltto,kyzctm,2022-01-03
PV43893,2022-01-01,Private,FL,81924,azmzxmcdrs,hreecy,2022-01-03
CK71812,2021-07-10,Private,CO,35979,aaivtshdhm,mjovkt,2022-01-03
SV182546,2021-12-02,Saving,LA,90557,vubzaeqoda,ujvxxn,2022-01-03
SV185587,2021-08-09,Saving,GA,30784,lomncmvuoo,icfsxp,2022-01-03
SV162244,2021-12-24,Private,CA,28197,mpxxmoclaf,wyditm,2022-01-03
SV115944,2022-03-13,Saving,CO,73238,ikqptqftio,rztdlr,2022-01-03
PV101559,2022-07-05,Saving,KY,81685,iomyzxnrmy,nbhwlu,2022-01-03
CK66213,2021-03-07,Saving,IA,51885,mceqeftrzn,yfrhzb,2022-01-03
CK171831,2022-02-05,Saving,AR,88936,xkdgzstsne,vclovp,2022-01-03
PV83473,2021-05-09,Private,LA,48696,thknlwsayt,qwimet,2022-01-03
CK70612,2021-11-01,Checkin,CO,63053,ywxsptqfmk,oulsjg,2022-01-03
CK76646,2021-06-12,Checkin,LA,70222,rbbitfavdw,tschjg,2022-01-03
PV116281,2022-01-20,Private,KS,80914,xrcsbpmpvi,epjruy,2022-01-03
SV166224,2021-02-27,Private,MD,92417,jrkxderqcv,sgyhrq,2022-01-03
SV117443,2021-06-22,Private,CA,77025,afaplkrkkb,erhqez,2022-01-03
CK117610,2021-07-07,Checkin,AR,84800,rqvypfwkdx,shnbyb,2022-01-03
PV70306,2021-11-20,Checkin,CO,58587,lmgnlrqukd,azlxpa,2022-01-03
SV139987,2022-07-09,Saving,IN,26130,wtnlmmwsof,mpixkr,2022-01-03
SV140760,2022-11-22,Private,AK,60629,zprlvwiwsb,qwsjtm,2022-01-03
SV132197,2021-06-28,Saving,CO,85825,aldlltvnme,zkjunh,2022-01-03
SV39327,2021-12-25,Saving,IN,86277,vchlugwmah,dwdmpy,2022-01-03
PV174196,2021-01-30,Saving,IL,77451,nhwtznyzjz,tlbflw,2022-01-03
CK65308,2022-02-06,Checkin,IA,44138,cxkbxewkqe,rcwebd,2022-01-03
SV76127,2022-07-06,Private,KS,69893,imrfeellmw,nhobns,2022-01-03
SV136666,2021-06-05,Saving,MA,40672,gcucxyzupz,npxovf,2022-01-03
SV171893,2021-06-29,Private,MD,84100,kaxkrimsdi,wynspj,2022-01-03
SV125551,2021-05-16,Private,HI,75935,mtxrxckmck,ahhsbp,2022-01-03
CK91373,2022-11-17,Checkin,IA,84149,ceytdozkgq,tukusv,2022-01-03
SV176183,2021-06-05,Checkin,FL,61549,stiwddepkn,dzfocv,2022-01-03
SV179141,2021-08-01,Private,DC,62035,ihcxubhubx,onpqzs,2022-01-03
CK40812,2022-10-20,Checkin,AR,39336,icztqklcaf,ruvfsx,2022-01-03
SV35529,2021-07-19,Saving,KY,35576,acqkdejwul,jxbrsj,2022-01-03